iceberg_id,start_time,end_time,start_latitude,start_longitude,observed_latitude,observed_longitude,displacement_m,displacement_km,azimuth_deg,observed_u,observed_v,observed_speed,duration_hours,ocean_u,ocean_v,ocean_speed,wind_u,wind_v,wind_speed,temperature,wave_height
a78,2023-06-14,2023-06-15,-66.838,-47.394,-66.719,-47.295,13967.84962921012,13.967849629210122,18.223803773512603,0.0505574014917106,0.1535561706293579,0.161664926264006,24.0,-0.02800000086426735,0.18900001049041748,0.19106282739920105,5.719818115234375,7.58453369140625,9.499551072942333,,
a78,2023-06-15,2023-06-16,-66.719,-47.295,-66.702,-47.246,2876.039134117339,2.876039134117339,48.785846912393225,0.0250405868297168,0.0219323049466497,0.0332874899782099,24.0,-0.010000000707805157,0.0860000029206276,0.0865794462704865,5.6422882080078125,1.9375152587890625,5.965683665789233,,
a78,2023-06-16,2023-06-17,-66.702,-47.246,-66.689,-47.201,2459.9867928207773,2.4599867928207773,53.91167122740789,0.0230085607606584,0.0167709530272045,0.0284720693613515,24.0,-0.015000000596046448,0.049000002443790436,0.051244514412499435,0.7812347412109375,-0.6597442626953125,1.0225410568941973,,
a78,2023-06-17,2023-06-18,-66.689,-47.201,-66.663,-47.128,4337.924152054712,4.337924152054712,48.09020594900953,0.0373642566670842,0.0335365607635197,0.0502074554635962,24.0,-0.012000000104308128,0.03700000047683716,0.03889730116331138,2.2818756103515625,0.5994110107421875,2.3592901180050507,,
a78,2023-06-18,2023-06-19,-66.663,-47.128,-66.621,-47.077,5199.267855536094,5.199267855536094,25.75487515636664,0.0261480985660433,0.054198833227036,0.060176711290927,24.0,0.014000000432133675,0.032999999821186066,0.035846896662026735,2.3419189453125,-3.035675048828125,3.8340458198215694,,
a78,2023-06-19,2023-06-20,-66.621,-47.077,-66.53,-47.165,10873.475032761511,10.873475032761512,-21.08930173689785,-0.045283820213682,0.117421038082047,0.1258504054717767,24.0,0.10700000822544098,0.006000000052154064,0.10716810048176782,5.0205841064453125,-0.3075714111328125,5.029996515191388,,
a78,2023-06-20,2023-06-21,-66.53,-47.165,-66.504,-47.232,4158.037064876481,4.158037064876481,-45.82016542609176,-0.0345134369126076,0.0335392246199503,0.0481254289916259,24.0,-0.026000000536441803,0.04200000315904617,0.04939635910929937,-3.0937957763671875,4.960845947265625,5.846500219650148,,
b09i,2021-05-24,2021-05-25,-66.706,-44.029,-66.655,-44.106,6627.596351097979,6.627596351097979,-30.92741126864245,-0.0394243570767412,0.0658018388243891,0.076708291100671,24.0,-0.052000001072883606,0.04100000113248825,0.06621933406826086,4.5496673583984375,-2.734527587890625,5.308211958937881,,
b09i,2021-05-25,2021-05-26,-66.655,-44.106,-66.608,-44.193,6504.700348830447,6.504700348830447,-36.355470504402646,-0.0446289565064178,0.0606318441140642,0.075285883667019,24.0,-0.09400000423192978,0.03800000250339508,0.10139033970680268,2.6358795166015625,1.5717926025390625,3.068940014310512,,
b09i,2021-05-26,2021-05-27,-66.608,-44.193,-66.569,-44.282,5873.590770852179,5.873590770852179,-42.270772776189695,-0.0457266609056823,0.0503044708096517,0.0679813746626409,24.0,-0.04800000041723251,-0.1210000067949295,0.13017296833224365,-4.5866241455078125,-10.1160888671875,11.107311781929512,,
b09i,2021-05-27,2021-05-28,-66.569,-44.282,-66.54,-44.37,5073.079369229379,5.073079369229379,-50.43677346820717,-0.0452656189721133,0.0373980675853841,0.0587161964031178,24.0,-0.04000000283122063,-0.11900000274181366,0.12554282488079244,-7.08245849609375,-4.537109375,8.411098610146206,,
b09i,2021-05-28,2021-05-29,-66.54,-44.37,-66.52,-44.478,5294.417935211777,5.2944179352117775,-65.13567001892314,-0.0555978812277515,0.025765618426851,0.0612779853612474,24.0,0.030000001192092896,-0.12400000542402267,0.12757743302278512,-7.0252685546875,-7.30584716796875,10.135571079480327,,
b09i,2021-05-29,2021-05-30,-66.52,-44.478,-66.504,-44.621,6607.886235402265,6.6078862354022645,-74.40034423583174,-0.0736629553672915,0.0205665896180658,0.0764801647616002,24.0,-0.007000000216066837,0.013000000268220901,0.014764823398831402,2.8759765625,0.7533416748046875,2.9730060321241947,,
b09i,2021-05-30,2021-05-31,-66.504,-44.621,-66.491,-44.78,7225.363664291072,7.225363664291073,-78.49858143245541,-0.0819476468440248,0.016674550091075,0.0836268942626281,24.0,-0.07200000435113907,0.006000000052154064,0.07224957181319412,-4.6369171142578125,2.0773468017578125,5.080981210285117,,
b16,2019-02-23,2019-02-24,-62.435,-44.095,-62.435,-44.095,0.0,0.0,0.0,0.0,0.0,0.0,24.0,-0.09300000220537186,-0.024000000208616257,0.0960468657490329,-8.091400146484375,4.121826171875,9.080760283240664,,
b16,2019-02-24,2019-02-25,-62.435,-44.095,-62.435,-44.095,0.0,0.0,0.0,0.0,0.0,0.0,24.0,-0.05700000375509262,-0.007000000216066837,0.05742821981487419,-6.9403533935546875,2.2350311279296875,7.2913557978088495,,
b16,2019-02-25,2019-02-26,-62.435,-44.095,-62.435,-44.095,0.0,0.0,0.0,0.0,0.0,0.0,24.0,-0.04800000041723251,0.012000000104308128,0.04947726793748536,-5.402099609375,4.3915252685546875,6.961908816837797,,
b16,2019-02-26,2019-02-27,-62.435,-44.095,-62.435,-44.095,0.0,0.0,0.0,0.0,0.0,0.0,24.0,-0.039000000804662704,0.07600000500679016,0.08542248429890002,5.248870849609375,4.533111572265625,6.935398021922575,,
b16,2019-02-27,2019-02-28,-62.435,-44.095,-62.435,-44.095,0.0,0.0,0.0,0.0,0.0,0.0,24.0,-0.0430000014603138,0.1850000023841858,0.18993156927624152,6.6996307373046875,11.021286010742188,12.897821418628,,
b16,2019-02-28,2019-03-01,-62.435,-44.095,-62.393,-44.157,5672.802001193271,5.672802001193271,-34.422297783724524,-0.037115362197276,0.0541603921508717,0.0656574305693665,24.0,-0.1850000023841858,0.23400001227855682,0.2982968431420512,-2.9922332763671875,11.10394287109375,11.50004379403456,,
b16,2019-03-01,2019-03-02,-62.393,-44.157,-62.389,-44.332,9062.93172193379,9.06293172193379,-87.25800947201876,-0.1047749470299154,0.0050180212435533,0.1048950430779373,24.0,-0.10200000554323196,0.22600001096725464,0.24795162045854544,-4.402069091796875,12.691665649414062,13.433413164399814,,
d21b,2020-08-24,2020-08-25,-66.551,-44.266,-66.554,-44.35,3746.272630987325,3.746272630987325,-95.16193250119711,-0.0431837873888455,-0.0039011051886095,0.0433596369327236,24.0,-0.06100000441074371,0.009000000543892384,0.06166036448076524,-4.616119384765625,1.0294036865234375,4.729506329865414,,
d21b,2020-08-25,2020-08-26,-66.554,-44.35,-66.572,-44.292,3265.1635171309504,3.2651635171309503,127.96083403484089,0.0297958045055627,-0.0232462510529376,0.0377912444112378,24.0,-0.024000000208616257,0.024000000208616257,0.03394112579198222,-1.931427001953125,2.1143951416015625,2.8637522725790943,,
d21b,2020-08-26,2020-08-27,-66.572,-44.292,-66.562,-44.422,5878.023021092407,5.878023021092408,-79.12342070330261,-0.0668105299285554,0.0128373596412397,0.0680326738552361,24.0,-0.003000000026077032,0.03100000135600567,0.031144824357006985,3.7783966064453125,-5.460235595703125,6.6400642825337854,,
d21b,2020-08-27,2020-08-28,-66.562,-44.422,-66.605,-44.63,10399.419057508205,10.399419057508204,-117.55356697996515,-0.1067118509565371,-0.0556775382353692,0.1203636464989375,24.0,-0.04100000113248825,0.02200000174343586,0.04652956231875837,-2.8982696533203125,-0.3015289306640625,2.913912606682784,,
d21b,2020-08-28,2020-08-29,-66.605,-44.63,-66.525,-45.007,18967.050591264797,18.967050591264798,-62.1157566683293,-0.1940378186008156,0.1026694254734869,0.2195260485100092,24.0,-0.14400000870227814,0.007000000216066837,0.14417004719871987,-7.08453369140625,6.504364013671875,9.617555242732946,,
d21b,2020-08-29,2020-08-30,-66.525,-45.007,-66.387,-45.29,19901.620071497324,19.901620071497323,-39.48323069241283,-0.146464027495792,0.1777810609523864,0.2303428249015894,24.0,-0.20800000429153442,0.010000000707805157,0.20824025019057782,-10.15948486328125,5.169952392578125,11.39927806612178,,
d21b,2020-08-30,2020-08-31,-66.387,-45.29,-66.212,-45.566,23112.625318387258,23.11262531838726,-32.52693816777455,-0.1438375923326703,0.2255457140733012,0.267507237481334,24.0,-0.22300000488758087,0.10200000554323196,0.24522031586041243,-8.483016967773438,11.951766967773438,14.656272054226214,,
d29a,2022-11-01,2022-11-02,-66.904,-44.191,-66.912,-44.41,9630.249961490652,9.630249961490652,-95.41632586567292,-0.1109635641745071,-0.0105210464142701,0.1114612264061418,24.0,-0.04700000211596489,0.02800000086426735,0.05470831972652493,0.4751129150390625,3.1387939453125,3.174548741658777,,
d29a,2022-11-02,2022-11-03,-66.912,-44.41,-66.918,-44.612,8867.247351655786,8.867247351655786,-94.42056685730394,-0.1023248681921309,-0.007910418467943,0.1026301776812012,24.0,-0.0430000014603138,0.03800000250339508,0.057384669693612604,2.3498382568359375,2.0052642822265625,3.0891462695805405,,
d29a,2022-11-03,2022-11-04,-66.918,-44.612,-66.804,-44.994,21034.520685488074,21.03452068548808,-52.99019270811132,-0.1944068066408666,0.146548215629056,0.2434551005264823,24.0,0.02800000086426735,0.07200000435113907,0.07725283603184427,5.33819580078125,0.8844757080078125,5.410973266015504,,
d29a,2022-11-04,2022-11-05,-66.804,-44.994,-66.777,-45.108,5849.840178742726,5.849840178742726,-59.07390204175306,-0.0580807137936536,0.0347965314357872,0.067706483550263,24.0,-0.05300000309944153,0.06100000441074371,0.08080842076573186,-3.1456756591796875,-3.90521240234375,5.01457468387649,,
d29a,2022-11-05,2022-11-06,-66.777,-45.108,-66.736,-45.218,6662.6178266112765,6.662617826611276,-46.7161992780989,-0.0561361510361735,0.0528700749574774,0.0771136322524453,24.0,-0.2800000011920929,0.12800000607967377,0.3078701060901635,-4.483642578125,13.22528076171875,13.96463755328664,,
d29a,2022-11-06,2022-11-07,-66.736,-45.218,-66.685,-45.323,7336.553974785767,7.336553974785767,-39.22376982388524,-0.0536953166360341,0.065781225698817,0.084913819152613,24.0,-0.02200000174343586,0.08100000023841858,0.08393449895802674,4.2100677490234375,1.0993499755859375,4.351234401889661,,
d29a,2022-11-07,2022-11-08,-66.685,-45.323,-66.628,-45.421,7693.939065474897,7.693939065474897,-34.3382118207774,-0.0502311694580444,0.073530751494877,0.0890502206652187,24.0,0.04400000348687172,-0.0990000069141388,0.10833744355412976,-2.8819122314453125,-8.935653686523438,9.388893700284076,,
d29c,2023-06-16,2023-06-17,-65.564,-49.964,-65.532,-49.878,5340.583590155825,5.340583590155825,48.11883335564072,0.0460211825930709,0.0412651478741967,0.0618123100712479,24.0,-0.005000000353902578,0.05400000140070915,0.05423098887919725,2.9218597412109375,1.5443572998046875,3.3048908933229963,,
d29c,2023-06-17,2023-06-18,-65.532,-49.878,-65.529,-49.831,2198.774377217823,2.198774377217823,81.27095239836828,0.0251540062106408,0.003862155941564,0.0254487775140951,24.0,0.0,0.023000001907348633,0.023000001907348633,1.4127349853515625,1.6169891357421875,2.1472014353442823,,
d29c,2023-06-18,2023-06-19,-65.529,-49.831,-65.529,-49.831,0.0,0.0,0.0,0.0,0.0,0.0,24.0,0.014000000432133675,-0.039000000804662704,0.04143669961354831,-4.0516357421875,-4.628448486328125,6.151283409010218,,
d29c,2023-06-19,2023-06-20,-65.529,-49.831,-65.502,-49.872,3558.254375839955,3.558254375839955,-32.232623819167834,-0.0219655492983138,0.0348366946371358,0.0411834997203698,24.0,0.08700000494718552,0.06200000271201134,0.10683164885510153,3.2149200439453125,1.5010223388671875,3.5480669315473254,,
d29c,2023-06-20,2023-06-21,-65.502,-49.872,-65.434,-49.928,8013.927378251818,8.013927378251818,-18.922977414247622,-0.0300797571972763,0.0877409459681485,0.0927537891001367,24.0,-0.04400000348687172,0.0650000050663948,0.07849204396291432,1.3085479736328125,7.995025634765625,8.10140313154814,,
d29c,2023-06-21,2023-06-22,-65.434,-49.928,-65.253,-49.949,20204.77428921105,20.20477428921105,-2.783843759422871,-0.0113577314981908,0.2335755795695303,0.233851554273276,24.0,-0.01600000075995922,0.18900001049041748,0.18967605012150746,8.1051025390625,9.543624877929688,12.520921011625136,,
d29c,2023-06-22,2023-06-23,-65.253,-49.949,-65.146,-49.892,12224.92477405866,12.22492477405866,12.636195075742323,0.0309527889267944,0.1380650688667008,0.1414921848849382,24.0,-0.010000000707805157,0.12000000476837158,0.12041595059860344,4.68804931640625,5.2777557373046875,7.059214688314109,,
d31,2023-08-04,2023-08-05,-62.33,-48.18,-62.338,-47.979,10454.654280681085,10.454654280681083,94.98132143898972,0.1205459219819985,-0.0105068036777912,0.1210029430634384,24.0,-0.005000000353902578,0.026000000536441803,0.02647640518337034,-4.4410858154296875,-1.9608001708984375,4.854686450246413,,
d31,2023-08-05,2023-08-06,-62.338,-47.979,-62.358,-47.82,8532.436445119614,8.532436445119615,105.21413178245392,0.0952938643747867,-0.0259160104770245,0.0987550514481436,24.0,-0.020000001415610313,0.1120000034570694,0.11377170487870862,3.52362060546875,9.93109130859375,10.537669417423867,,
d31,2023-08-06,2023-08-07,-62.358,-47.82,-62.385,-47.69,7370.916859631247,7.370916859631247,114.1526611617416,0.0778432369659777,-0.0349068607588883,0.0853115377272135,24.0,0.0020000000949949026,0.0430000014603138,0.04304648796321215,3.11090087890625,2.0693206787109375,3.7362805501889675,,
d31,2023-08-07,2023-08-08,-62.385,-47.69,-62.415,-47.576,6777.144670079169,6.77714467007917,119.61206190115291,0.0681943064582722,-0.0387587493440324,0.0784391744222126,24.0,0.021000001579523087,0.027000000700354576,0.03420526427553396,1.121551513671875,-3.64349365234375,3.812207207444117,,
d31,2023-08-08,2023-08-09,-62.415,-47.576,-62.442,-47.465,6475.971075985861,6.475971075985861,117.73833478703672,0.0663399089054567,-0.034885871081645,0.0749533689350215,24.0,0.005000000353902578,0.10100000351667404,0.10112369017152803,7.0095367431640625,3.4433135986328125,7.809610354703793,,
d31,2023-08-09,2023-08-10,-62.442,-47.465,-62.462,-47.344,6631.8884682436255,6.631888468243625,109.69380747653778,0.0722681624303033,-0.0258669366015457,0.0767579683824493,24.0,0.015000000596046448,0.03400000184774399,0.03716181028324627,-3.0790557861328125,-1.363800048828125,3.3675710990714878,,
d31,2023-08-10,2023-08-11,-62.462,-47.344,-62.47,-47.2,7483.157315027374,7.483157315027374,96.90694125942348,0.0859820647979494,-0.0104155423616354,0.0866106170720761,24.0,0.1900000125169754,-0.10600000619888306,0.2175683940066067,4.7187347412109375,-13.3033447265625,14.115432634944964,,
