iceberg_id,start_time,end_time,start_extraction_available,end_extraction_available,pair_usable,start_available,end_available,complete,environment_complete
a62,2012-04-19,2012-04-20,False,False,False,True,True,True,False
a62,2012-04-20,2012-04-21,False,False,False,True,True,True,False
a62,2012-04-21,2012-04-22,False,False,False,True,True,True,False
a62,2012-04-22,2012-04-23,False,False,False,True,True,True,False
a62,2012-04-23,2012-04-24,False,False,False,True,True,True,False
a62,2012-04-24,2012-04-25,False,False,False,True,True,True,False
a62,2012-04-25,2012-04-26,False,False,False,True,True,True,False
a69a,2022-12-18,2022-12-19,True,True,True,False,False,False,False
a69a,2022-12-19,2022-12-20,True,True,True,False,False,False,False
a69a,2022-12-20,2022-12-21,True,True,True,False,False,False,False
a69a,2022-12-21,2022-12-22,True,True,True,False,False,False,False
a69a,2022-12-22,2022-12-23,True,True,True,False,False,False,False
a69a,2022-12-23,2022-12-24,True,True,True,False,False,False,False
a69a,2022-12-24,2022-12-25,True,True,True,False,False,False,False
a78,2023-06-14,2023-06-15,True,True,True,True,True,True,True
a78,2023-06-15,2023-06-16,True,True,True,True,True,True,True
a78,2023-06-16,2023-06-17,True,True,True,True,True,True,True
a78,2023-06-17,2023-06-18,True,True,True,True,True,True,True
a78,2023-06-18,2023-06-19,True,True,True,True,True,True,True
a78,2023-06-19,2023-06-20,True,True,True,True,True,True,True
a78,2023-06-20,2023-06-21,True,True,True,True,True,True,True
b09d,2016-12-02,2016-12-03,False,False,False,True,True,True,False
b09d,2016-12-03,2016-12-04,False,False,False,True,True,True,False
b09d,2016-12-04,2016-12-05,False,False,False,True,True,True,False
b09d,2016-12-05,2016-12-06,False,False,False,True,True,True,False
b09d,2016-12-06,2016-12-07,False,False,False,True,True,True,False
b09d,2016-12-07,2016-12-08,False,False,False,True,True,True,False
b09d,2016-12-08,2016-12-09,False,False,False,True,True,True,False
b09h,2017-03-11,2017-03-12,False,False,False,True,True,True,False
b09h,2017-03-12,2017-03-13,False,False,False,True,True,True,False
b09h,2017-03-13,2017-03-14,False,False,False,True,True,True,False
b09h,2017-03-14,2017-03-15,False,False,False,True,True,True,False
b09h,2017-03-15,2017-03-16,False,False,False,True,True,True,False
b09h,2017-03-16,2017-03-17,False,False,False,True,True,True,False
b09h,2017-03-17,2017-03-18,False,False,False,True,True,True,False
b09i,2021-05-24,2021-05-25,True,True,True,True,True,True,True
b09i,2021-05-25,2021-05-26,True,True,True,True,True,True,True
b09i,2021-05-26,2021-05-27,True,True,True,True,True,True,True
b09i,2021-05-27,2021-05-28,True,True,True,True,True,True,True
b09i,2021-05-28,2021-05-29,True,True,True,True,True,True,True
b09i,2021-05-29,2021-05-30,True,True,True,True,True,True,True
b09i,2021-05-30,2021-05-31,True,True,True,True,True,True,True
b15r,2015-03-27,2015-03-28,False,False,False,True,True,True,False
b15r,2015-03-28,2015-03-29,False,False,False,True,True,True,False
b15r,2015-03-29,2015-03-30,False,False,False,True,True,True,False
b15r,2015-03-30,2015-03-31,False,False,False,True,True,True,False
b15r,2015-03-31,2015-04-01,False,False,False,True,True,True,False
b15r,2015-04-01,2015-04-02,False,False,False,True,True,True,False
b15r,2015-04-02,2015-04-03,False,False,False,True,True,True,False
b16,2019-02-23,2019-02-24,True,True,True,True,True,True,True
b16,2019-02-24,2019-02-25,True,True,True,True,True,True,True
b16,2019-02-25,2019-02-26,True,True,True,True,True,True,True
b16,2019-02-26,2019-02-27,True,True,True,True,True,True,True
b16,2019-02-27,2019-02-28,True,True,True,True,True,True,True
b16,2019-02-28,2019-03-01,True,True,True,True,True,True,True
b16,2019-03-01,2019-03-02,True,True,True,True,True,True,True
d21a,2017-07-10,2017-07-11,False,False,False,True,True,True,False
d21a,2017-07-11,2017-07-12,False,False,False,True,True,True,False
d21a,2017-07-12,2017-07-13,False,False,False,True,True,True,False
d21a,2017-07-13,2017-07-14,False,False,False,True,True,True,False
d21a,2017-07-14,2017-07-15,False,False,False,True,True,True,False
d21a,2017-07-15,2017-07-16,False,False,False,True,True,True,False
d21a,2017-07-16,2017-07-17,False,False,False,True,True,True,False
d21b,2020-08-24,2020-08-25,True,True,True,True,True,True,True
d21b,2020-08-25,2020-08-26,True,True,True,True,True,True,True
d21b,2020-08-26,2020-08-27,True,True,True,True,True,True,True
d21b,2020-08-27,2020-08-28,True,True,True,True,True,True,True
d21b,2020-08-28,2020-08-29,True,True,True,True,True,True,True
d21b,2020-08-29,2020-08-30,True,True,True,True,True,True,True
d21b,2020-08-30,2020-08-31,True,True,True,True,True,True,True
d29a,2022-11-01,2022-11-02,True,True,True,True,True,True,True
d29a,2022-11-02,2022-11-03,True,True,True,True,True,True,True
d29a,2022-11-03,2022-11-04,True,True,True,True,True,True,True
d29a,2022-11-04,2022-11-05,True,True,True,True,True,True,True
d29a,2022-11-05,2022-11-06,True,True,True,True,True,True,True
d29a,2022-11-06,2022-11-07,True,True,True,True,True,True,True
d29a,2022-11-07,2022-11-08,True,True,True,True,True,True,True
d29c,2023-06-16,2023-06-17,True,True,True,True,True,True,True
d29c,2023-06-17,2023-06-18,True,True,True,True,True,True,True
d29c,2023-06-18,2023-06-19,True,True,True,True,True,True,True
d29c,2023-06-19,2023-06-20,True,True,True,True,True,True,True
d29c,2023-06-20,2023-06-21,True,True,True,True,True,True,True
d29c,2023-06-21,2023-06-22,True,True,True,True,True,True,True
d29c,2023-06-22,2023-06-23,True,True,True,True,True,True,True
d30b,2023-07-29,2023-07-30,True,True,True,False,False,False,False
d30b,2023-07-30,2023-07-31,True,True,True,False,False,False,False
d30b,2023-07-31,2023-08-01,True,True,True,False,False,False,False
d30b,2023-08-01,2023-08-02,True,True,True,False,False,False,False
d30b,2023-08-02,2023-08-03,True,True,True,False,False,False,False
d30b,2023-08-03,2023-08-04,True,True,True,False,False,False,False
d30b,2023-08-04,2023-08-05,True,True,True,False,False,False,False
d31,2023-08-04,2023-08-05,True,True,True,True,True,True,True
d31,2023-08-05,2023-08-06,True,True,True,True,True,True,True
d31,2023-08-06,2023-08-07,True,True,True,True,True,True,True
d31,2023-08-07,2023-08-08,True,True,True,True,True,True,True
d31,2023-08-08,2023-08-09,True,True,True,True,True,True,True
d31,2023-08-09,2023-08-10,True,True,True,True,True,True,True
d31,2023-08-10,2023-08-11,True,True,True,True,True,True,True
uk125,2017-03-31,2017-04-01,False,False,False,True,True,True,False
uk125,2017-04-01,2017-04-02,False,False,False,True,True,True,False
uk125,2017-04-02,2017-04-03,False,False,False,True,True,True,False
uk125,2017-04-03,2017-04-04,False,False,False,True,True,True,False
uk125,2017-04-04,2017-04-05,False,False,False,True,True,True,False
uk125,2017-04-05,2017-04-06,False,False,False,True,True,True,False
uk125,2017-04-06,2017-04-07,False,False,False,True,True,True,False
