iceberg_id,start_time,forecast_hours,start_latitude,start_longitude,predicted_latitude,predicted_longitude,ocean_u,ocean_v,wind_u,wind_v,predicted_u,predicted_v,alpha,beta
a78,2023-06-14,6,-66.838,-47.394,-66.82323598573312,-47.39564023456454,-0.0280000008642673,0.1890000104904174,5.719818115234375,7.58453369140625,-0.0033363871047513193,0.07622561316370169,0.3566546138517225,0.0011626143099953
a78,2023-06-14,12,-66.838,-47.394,-66.80847192667913,-47.39727849789521,-0.0280000008642673,0.1890000104904174,5.719818115234375,7.58453369140625,-0.0033363871047513193,0.07622561316370169,0.3566546138517225,0.0011626143099953
a78,2023-06-14,18,-66.838,-47.394,-66.79370782285667,-47.3989147937581,-0.0280000008642673,0.1890000104904174,5.719818115234375,7.58453369140625,-0.0033363871047513193,0.07622561316370169,0.3566546138517225,0.0011626143099953
a78,2023-06-14,24,-66.838,-47.394,-66.77894367428432,-47.400549125909755,-0.0280000008642673,0.1890000104904174,5.719818115234375,7.58453369140625,-0.0033363871047513193,0.07622561316370169,0.3566546138517225,0.0011626143099953
a78,2023-06-14,30,-66.838,-47.394,-66.76417948098056,-47.4021814980972,-0.0280000008642673,0.1890000104904174,5.719818115234375,7.58453369140625,-0.0033363871047513193,0.07622561316370169,0.3566546138517225,0.0011626143099953
a78,2023-06-14,36,-66.838,-47.394,-66.74941524296383,-47.40381191405796,-0.0280000008642673,0.1890000104904174,5.719818115234375,7.58453369140625,-0.0033363871047513193,0.07622561316370169,0.3566546138517225,0.0011626143099953
a78,2023-06-14,48,-66.838,-47.394,-66.7198866328647,-47.40706689220232,-0.0280000008642673,0.1890000104904174,5.719818115234375,7.58453369140625,-0.0033363871047513193,0.07622561316370169,0.3566546138517225,0.0011626143099953
a78,2023-06-15,6,-66.719,-47.295,-66.71262273705307,-47.293535050611446,-0.0100000007078051,0.0860000029206276,5.6422882080078125,1.9375152587890625,0.002993258620788441,0.03292488079860585,0.3566546138517225,0.0011626143099953
a78,2023-06-15,12,-66.719,-47.295,-66.70624545529115,-47.29207085790998,-0.0100000007078051,0.0860000029206276,5.6422882080078125,1.9375152587890625,0.002993258620788441,0.03292488079860585,0.3566546138517225,0.0011626143099953
a78,2023-06-15,18,-66.719,-47.295,-66.6998681547243,-47.29060742127489,-0.0100000007078051,0.0860000029206276,5.6422882080078125,1.9375152587890625,0.002993258620788441,0.03292488079860585,0.3566546138517225,0.0011626143099953
a78,2023-06-15,24,-66.719,-47.295,-66.69349083536255,-47.28914474008612,-0.0100000007078051,0.0860000029206276,5.6422882080078125,1.9375152587890625,0.002993258620788441,0.03292488079860585,0.3566546138517225,0.0011626143099953
a78,2023-06-15,30,-66.719,-47.295,-66.68711349721593,-47.287682813724295,-0.0100000007078051,0.0860000029206276,5.6422882080078125,1.9375152587890625,0.002993258620788441,0.03292488079860585,0.3566546138517225,0.0011626143099953
a78,2023-06-15,36,-66.719,-47.295,-66.68073614029447,-47.28622164157071,-0.0100000007078051,0.0860000029206276,5.6422882080078125,1.9375152587890625,0.002993258620788441,0.03292488079860585,0.3566546138517225,0.0011626143099953
a78,2023-06-15,48,-66.719,-47.295,-66.66798137016707,-47.283301557416834,-0.0100000007078051,0.0860000029206276,5.6422882080078125,1.9375152587890625,0.002993258620788441,0.03292488079860585,0.3566546138517225,0.0011626143099953
a78,2023-06-16,6,-66.702,-47.246,-66.69876358470093,-47.24817254452242,-0.0150000005960464,0.0490000024437904,0.7812347412109375,-0.6597442626953125,-0.0044415447307612245,0.016709048829576655,0.3566546138517225,0.0011626143099953
a78,2023-06-16,12,-66.702,-47.246,-66.69552713810837,-47.250344519852135,-0.0150000005960464,0.0490000024437904,0.7812347412109375,-0.6597442626953125,-0.0044415447307612245,0.016709048829576655,0.3566546138517225,0.0011626143099953
a78,2023-06-16,18,-66.702,-47.246,-66.69229066023465,-47.2525159262214,-0.0150000005960464,0.0490000024437904,0.7812347412109375,-0.6597442626953125,-0.0044415447307612245,0.016709048829576655,0.3566546138517225,0.0011626143099953
a78,2023-06-16,24,-66.702,-47.246,-66.68905415109205,-47.25468676386231,-0.0150000005960464,0.0490000024437904,0.7812347412109375,-0.6597442626953125,-0.0044415447307612245,0.016709048829576655,0.3566546138517225,0.0011626143099953
a78,2023-06-16,30,-66.702,-47.246,-66.6858176106929,-47.25685703300686,-0.0150000005960464,0.0490000024437904,0.7812347412109375,-0.6597442626953125,-0.0044415447307612245,0.016709048829576655,0.3566546138517225,0.0011626143099953
a78,2023-06-16,36,-66.702,-47.246,-66.68258103904948,-47.25902673388692,-0.0150000005960464,0.0490000024437904,0.7812347412109375,-0.6597442626953125,-0.0044415447307612245,0.016709048829576655,0.3566546138517225,0.0011626143099953
a78,2023-06-16,48,-66.702,-47.246,-66.67610780207897,-47.26336443178041,-0.0150000005960464,0.0490000024437904,0.7812347412109375,-0.6597442626953125,-0.0044415447307612245,0.016709048829576655,0.3566546138517225,0.0011626143099953
a78,2023-06-17,6,-66.689,-47.201,-66.6863090176582,-47.201795390485195,-0.0120000001043081,0.0370000004768371,2.2818756103515625,0.5994110107421875,-0.0016269141651986496,0.013893104701237498,0.3566546138517225,0.0011626143099953
a78,2023-06-17,12,-66.689,-47.201,-66.68361803037214,-47.20259060780333,-0.0120000001043081,0.0370000004768371,2.2818756103515625,0.5994110107421875,-0.0016269141651986496,0.013893104701237498,0.3566546138517225,0.0011626143099953
a78,2023-06-17,18,-66.689,-47.201,-66.68092703814312,-47.20338565201419,-0.0120000001043081,0.0370000004768371,2.2818756103515625,0.5994110107421875,-0.0016269141651986496,0.013893104701237498,0.3566546138517225,0.0011626143099953
a78,2023-06-17,24,-66.689,-47.201,-66.67823604097245,-47.20418052317755,-0.0120000001043081,0.0370000004768371,2.2818756103515625,0.5994110107421875,-0.0016269141651986496,0.013893104701237498,0.3566546138517225,0.0011626143099953
a78,2023-06-17,30,-66.689,-47.201,-66.67554503886142,-47.20497522135314,-0.0120000001043081,0.0370000004768371,2.2818756103515625,0.5994110107421875,-0.0016269141651986496,0.013893104701237498,0.3566546138517225,0.0011626143099953
a78,2023-06-17,36,-66.689,-47.201,-66.67285403181134,-47.20576974660066,-0.0120000001043081,0.0370000004768371,2.2818756103515625,0.5994110107421875,-0.0016269141651986496,0.013893104701237498,0.3566546138517225,0.0011626143099953
a78,2023-06-17,48,-66.689,-47.201,-66.66747200289927,-47.20735827855021,-0.0120000001043081,0.0370000004768371,2.2818756103515625,0.5994110107421875,-0.0016269141651986496,0.013893104701237498,0.3566546138517225,0.0011626143099953
a78,2023-06-18,6,-66.663,-47.128,-66.66140387450372,-47.124231523934206,0.0140000004321336,0.032999999821186,2.3419189453125,-3.035675048828125,0.007715913226715969,0.008240282941068745,0.3566546138517225,0.0011626143099953
a78,2023-06-18,12,-66.663,-47.128,-66.6598076584375,-47.12046353395977,0.0140000004321336,0.032999999821186,2.3419189453125,-3.035675048828125,0.007715913226715969,0.008240282941068745,0.3566546138517225,0.0011626143099953
a78,2023-06-18,18,-66.663,-47.128,-66.65821135181979,-47.11669603000432,0.0140000004321336,0.032999999821186,2.3419189453125,-3.035675048828125,0.007715913226715969,0.008240282941068745,0.3566546138517225,0.0011626143099953
a78,2023-06-18,24,-66.663,-47.128,-66.65661495466907,-47.11292901199542,0.0140000004321336,0.032999999821186,2.3419189453125,-3.035675048828125,0.007715913226715969,0.008240282941068745,0.3566546138517225,0.0011626143099953
a78,2023-06-18,30,-66.663,-47.128,-66.6550184670038,-47.10916247986065,0.0140000004321336,0.032999999821186,2.3419189453125,-3.035675048828125,0.007715913226715969,0.008240282941068745,0.3566546138517225,0.0011626143099953
a78,2023-06-18,36,-66.663,-47.128,-66.65342188884244,-47.10539643352764,0.0140000004321336,0.032999999821186,2.3419189453125,-3.035675048828125,0.007715913226715969,0.008240282941068745,0.3566546138517225,0.0011626143099953
a78,2023-06-18,48,-66.663,-47.128,-66.65022846110529,-47.09786579797727,0.0140000004321336,0.032999999821186,2.3419189453125,-3.035675048828125,0.007715913226715969,0.008240282941068745,0.3566546138517225,0.0011626143099953
a78,2023-06-19,6,-66.621,-47.077,-66.62065330770088,-47.05554604856332,0.1070000082254409,0.006000000052154,5.0205841064453125,-0.3075714111328125,0.043999049542464044,0.001782340777782844,0.3566546138517225,0.0011626143099953
a78,2023-06-19,12,-66.621,-47.077,-66.62030368634805,-47.03409269958468,0.1070000082254409,0.006000000052154,5.0205841064453125,-0.3075714111328125,0.043999049542464044,0.001782340777782844,0.3566546138517225,0.0011626143099953
a78,2023-06-19,18,-66.621,-47.077,-66.61995113607273,-47.01263995810513,0.1070000082254409,0.006000000052154,5.0205841064453125,-0.3075714111328125,0.043999049542464044,0.001782340777782844,0.3566546138517225,0.0011626143099953
a78,2023-06-19,24,-66.621,-47.077,-66.61959565700721,-46.99118782916481,0.1070000082254409,0.006000000052154,5.0205841064453125,-0.3075714111328125,0.043999049542464044,0.001782340777782844,0.3566546138517225,0.0011626143099953
a78,2023-06-19,30,-66.621,-47.077,-66.61923724928494,-46.96973631780294,0.1070000082254409,0.006000000052154,5.0205841064453125,-0.3075714111328125,0.043999049542464044,0.001782340777782844,0.3566546138517225,0.0011626143099953
a78,2023-06-19,36,-66.621,-47.077,-66.61887591304038,-46.948285429057826,0.1070000082254409,0.006000000052154,5.0205841064453125,-0.3075714111328125,0.043999049542464044,0.001782340777782844,0.3566546138517225,0.0011626143099953
a78,2023-06-19,48,-66.621,-47.077,-66.61814445552791,-46.90538553956633,0.1070000082254409,0.006000000052154,5.0205841064453125,-0.3075714111328125,0.043999049542464044,0.001782340777782844,0.3566546138517225,0.0011626143099953
a78,2023-06-20,6,-66.53,-47.165,-66.5259812604578,-47.17125151307375,-0.0260000005364418,0.0420000031590461,-3.0937957763671875,4.960845947265625,-0.012869911393276739,0.020747045396433916,0.3566546138517225,0.0011626143099953
a78,2023-06-20,12,-66.53,-47.165,-66.52196226943249,-47.17750100918138,-0.0260000005364418,0.0420000031590461,-3.0937957763671875,4.960845947265625,-0.012869911393276739,0.020747045396433916,0.3566546138517225,0.0011626143099953
a78,2023-06-20,18,-66.53,-47.165,-66.51794302705174,-47.183748489235185,-0.0260000005364418,0.0420000031590461,-3.0937957763671875,4.960845947265625,-0.012869911393276739,0.020747045396433916,0.3566546138517225,0.0011626143099953
a78,2023-06-20,24,-66.53,-47.165,-66.51392353344305,-47.18999395414707,-0.0260000005364418,0.0420000031590461,-3.0937957763671875,4.960845947265625,-0.012869911393276739,0.020747045396433916,0.3566546138517225,0.0011626143099953
a78,2023-06-20,30,-66.53,-47.165,-66.50990378873387,-47.19623740482843,-0.0260000005364418,0.0420000031590461,-3.0937957763671875,4.960845947265625,-0.012869911393276739,0.020747045396433916,0.3566546138517225,0.0011626143099953
a78,2023-06-20,36,-66.53,-47.165,-66.5058837930516,-47.202478842190246,-0.0260000005364418,0.0420000031590461,-3.0937957763671875,4.960845947265625,-0.012869911393276739,0.020747045396433916,0.3566546138517225,0.0011626143099953
a78,2023-06-20,48,-66.53,-47.165,-66.49784304927687,-47.21495568059685,-0.0260000005364418,0.0420000031590461,-3.0937957763671875,4.960845947265625,-0.012869911393276739,0.020747045396433916,0.3566546138517225,0.0011626143099953
b09i,2021-05-24,6,-66.706,-44.029,-66.70378333254514,-44.03548563986045,-0.0520000010728836,0.0410000011324882,4.5496673583984375,-2.734527587890625,-0.013256531926345917,0.011443638667069194,0.3566546138517225,0.0011626143099953
b09i,2021-05-24,12,-66.706,-44.029,-66.70156639755487,-44.041970115523256,-0.0520000010728836,0.0410000011324882,4.5496673583984375,-2.734527587890625,-0.013256531926345917,0.011443638667069194,0.3566546138517225,0.0011626143099953
b09i,2021-05-24,18,-66.706,-44.029,-66.69934919510521,-44.04845342718119,-0.0520000010728836,0.0410000011324882,4.5496673583984375,-2.734527587890625,-0.013256531926345917,0.011443638667069194,0.3566546138517225,0.0011626143099953
b09i,2021-05-24,24,-66.706,-44.029,-66.69713172527217,-44.054935575026995,-0.0520000010728836,0.0410000011324882,4.5496673583984375,-2.734527587890625,-0.013256531926345917,0.011443638667069194,0.3566546138517225,0.0011626143099953
b09i,2021-05-24,30,-66.706,-44.029,-66.69491398813176,-44.061416559253495,-0.0520000010728836,0.0410000011324882,4.5496673583984375,-2.734527587890625,-0.013256531926345917,0.011443638667069194,0.3566546138517225,0.0011626143099953
b09i,2021-05-24,36,-66.706,-44.029,-66.69269598375996,-44.06789638005351,-0.0520000010728836,0.0410000011324882,4.5496673583984375,-2.734527587890625,-0.013256531926345917,0.011443638667069194,0.3566546138517225,0.0011626143099953
b09i,2021-05-24,48,-66.706,-44.029,-66.68825917362594,-44.08085253214563,-0.0520000010728836,0.0410000011324882,4.5496673583984375,-2.734527587890625,-0.013256531926345917,0.011443638667069194,0.3566546138517225,0.0011626143099953
b09i,2021-05-25,6,-66.655,-44.106,-66.65202025290824,-44.12087162039586,-0.0940000042319297,0.038000002503395,2.6358795166015625,1.5717926025390625,-0.030461023965974693,0.015380264791269499,0.3566546138517225,0.0011626143099953
b09i,2021-05-25,12,-66.655,-44.106,-66.64903909899924,-44.13573966071051,-0.0940000042319297,0.038000002503395,2.6358795166015625,1.5717926025390625,-0.030461023965974693,0.015380264791269499,0.3566546138517225,0.0011626143099953
b09i,2021-05-25,18,-66.655,-44.106,-66.64605653881046,-44.15060412062973,-0.0940000042319297,0.038000002503395,2.6358795166015625,1.5717926025390625,-0.030461023965974693,0.015380264791269499,0.3566546138517225,0.0011626143099953
b09i,2021-05-25,24,-66.655,-44.106,-66.64307257287935,-44.16546499984117,-0.0940000042319297,0.038000002503395,2.6358795166015625,1.5717926025390625,-0.030461023965974693,0.015380264791269499,0.3566546138517225,0.0011626143099953
b09i,2021-05-25,30,-66.655,-44.106,-66.64008720174336,-44.180322298034376,-0.0940000042319297,0.038000002503395,2.6358795166015625,1.5717926025390625,-0.030461023965974693,0.015380264791269499,0.3566546138517225,0.0011626143099953
b09i,2021-05-25,36,-66.655,-44.106,-66.63710042593989,-44.19517601490078,-0.0940000042319297,0.038000002503395,2.6358795166015625,1.5717926025390625,-0.030461023965974693,0.015380264791269499,0.3566546138517225,0.0011626143099953
b09i,2021-05-25,48,-66.655,-44.106,-66.63112266248011,-44.224872703428325,-0.0940000042319297,0.038000002503395,2.6358795166015625,1.5717926025390625,-0.030461023965974693,0.015380264791269499,0.3566546138517225,0.0011626143099953
b09i,2021-05-26,6,-66.608,-44.193,-66.61863656058125,-44.203946661765315,-0.0480000004172325,-0.1210000067949295,-4.5866241455078125,-10.1160888671875,-0.02245189647982792,-0.05491632037767771,0.3566546138517225,0.0011626143099953
b09i,2021-05-26,12,-66.608,-44.193,-66.62927234335024,-44.21490271777838,-0.0480000004172325,-0.1210000067949295,-4.5866241455078125,-10.1160888671875,-0.02245189647982792,-0.05491632037767771,0.3566546138517225,0.0011626143099953
b09i,2021-05-26,18,-66.608,-44.193,-66.63990734727085,-44.22586818021663,-0.0480000004172325,-0.1210000067949295,-4.5866241455078125,-10.1160888671875,-0.02245189647982792,-0.05491632037767771,0.3566546138517225,0.0011626143099953
b09i,2021-05-26,24,-66.608,-44.193,-66.65054157130521,-44.23684306127721,-0.0480000004172325,-0.1210000067949295,-4.5866241455078125,-10.1160888671875,-0.02245189647982792,-0.05491632037767771,0.3566546138517225,0.0011626143099953
b09i,2021-05-26,30,-66.608,-44.193,-66.66117501441357,-44.24782737317694,-0.0480000004172325,-0.1210000067949295,-4.5866241455078125,-10.1160888671875,-0.02245189647982792,-0.05491632037767771,0.3566546138517225,0.0011626143099953
b09i,2021-05-26,36,-66.608,-44.193,-66.67180767555439,-44.25882112815239,-0.0480000004172325,-0.1210000067949295,-4.5866241455078125,-10.1160888671875,-0.02245189647982792,-0.05491632037767771,0.3566546138517225,0.0011626143099953
b09i,2021-05-26,48,-66.608,-44.193,-66.69307064775805,-44.28083701637579,-0.0480000004172325,-0.1210000067949295,-4.5866241455078125,-10.1160888671875,-0.02245189647982792,-0.05491632037767771,0.3566546138517225,0.0011626143099953
b09i,2021-05-27,6,-66.569,-44.282,-66.578242107135,-44.292952449429556,-0.0400000028312206,-0.1190000027418136,-7.08245849609375,-4.537109375,-0.022500353161343176,-0.04771680831162428,0.3566546138517225,0.0011626143099953
b09i,2021-05-27,12,-66.569,-44.282,-66.5874834382673,-44.30391304951841,-0.0400000028312206,-0.1190000027418136,-7.08245849609375,-4.537109375,-0.022500353161343176,-0.04771680831162428,0.3566546138517225,0.0011626143099953
b09i,2021-05-27,18,-66.569,-44.282,-66.59672399249516,-44.31488180926239,-0.0400000028312206,-0.1190000027418136,-7.08245849609375,-4.537109375,-0.022500353161343176,-0.04771680831162428,0.3566546138517225,0.0011626143099953
b09i,2021-05-27,24,-66.569,-44.282,-66.60596376891552,-44.32585873766939,-0.0400000028312206,-0.1190000027418136,-7.08245849609375,-4.537109375,-0.022500353161343176,-0.04771680831162428,0.3566546138517225,0.0011626143099953
b09i,2021-05-27,30,-66.569,-44.282,-66.61520276662392,-44.33684384375937,-0.0400000028312206,-0.1190000027418136,-7.08245849609375,-4.537109375,-0.022500353161343176,-0.04771680831162428,0.3566546138517225,0.0011626143099953
b09i,2021-05-27,36,-66.569,-44.282,-66.62444098471462,-44.347837136564344,-0.0400000028312206,-0.1190000027418136,-7.08245849609375,-4.537109375,-0.022500353161343176,-0.04771680831162428,0.3566546138517225,0.0011626143099953
b09i,2021-05-27,48,-66.569,-44.282,-66.64291507841286,-44.36984831850792,-0.0400000028312206,-0.1190000027418136,-7.08245849609375,-4.537109375,-0.022500353161343176,-0.04771680831162428,0.3566546138517225,0.0011626143099953
b09i,2021-05-28,6,-66.54,-44.37,-66.55021143056722,-44.36876891136698,0.0300000011920928,-0.1240000054240226,-7.0252685546875,-7.30584716796875,0.0025319610874773857,-0.05271905651623538,0.3566546138517225,0.0011626143099953
b09i,2021-05-28,12,-66.54,-44.37,-66.56042283804014,-44.3675368117656,0.0300000011920928,-0.1240000054240226,-7.0252685546875,-7.30584716796875,0.0025319610874773857,-0.05271905651623538,0.3566546138517225,0.0011626143099953
b09i,2021-05-28,18,-66.54,-44.37,-66.57063422241065,-44.366303699872724,0.0300000011920928,-0.1240000054240226,-7.0252685546875,-7.30584716796875,0.0025319610874773857,-0.05271905651623538,0.3566546138517225,0.0011626143099953
b09i,2021-05-28,24,-66.54,-44.37,-66.58084558367057,-44.36506957436289,0.0300000011920928,-0.1240000054240226,-7.0252685546875,-7.30584716796875,0.0025319610874773857,-0.05271905651623538,0.3566546138517225,0.0011626143099953
b09i,2021-05-28,30,-66.54,-44.37,-66.59105692181174,-44.36383443390836,0.0300000011920928,-0.1240000054240226,-7.0252685546875,-7.30584716796875,0.0025319610874773857,-0.05271905651623538,0.3566546138517225,0.0011626143099953
b09i,2021-05-28,36,-66.54,-44.37,-66.60126823682597,-44.362598277179075,0.0300000011920928,-0.1240000054240226,-7.0252685546875,-7.30584716796875,0.0025319610874773857,-0.05271905651623538,0.3566546138517225,0.0011626143099953
b09i,2021-05-28,48,-66.54,-44.37,-66.62169079744073,-44.3601229095644,0.0300000011920928,-0.1240000054240226,-7.0252685546875,-7.30584716796875,0.0025319610874773857,-0.05271905651623538,0.3566546138517225,0.0011626143099953
b09i,2021-05-29,6,-66.52,-44.478,-66.51893227830533,-44.47758865562676,-0.0070000002160668,0.0130000002682209,2.8759765625,0.7533416748046875,0.000847069132750314,0.005512355887178369,0.3566546138517225,0.0011626143099953
b09i,2021-05-29,12,-66.52,-44.478,-66.5178645553835,-44.47717734650512,-0.0070000002160668,0.0130000002682209,2.8759765625,0.7533416748046875,0.000847069132750314,0.005512355887178369,0.3566546138517225,0.0011626143099953
b09i,2021-05-29,18,-66.52,-44.478,-66.51679683123464,-44.47676607263031,-0.0070000002160668,0.0130000002682209,2.8759765625,0.7533416748046875,0.000847069132750314,0.005512355887178369,0.3566546138517225,0.0011626143099953
b09i,2021-05-29,24,-66.52,-44.478,-66.51572910585892,-44.47635483399753,-0.0070000002160668,0.0130000002682209,2.8759765625,0.7533416748046875,0.000847069132750314,0.005512355887178369,0.3566546138517225,0.0011626143099953
b09i,2021-05-29,30,-66.52,-44.478,-66.51466137925645,-44.475943630602025,-0.0070000002160668,0.0130000002682209,2.8759765625,0.7533416748046875,0.000847069132750314,0.005512355887178369,0.3566546138517225,0.0011626143099953
b09i,2021-05-29,36,-66.52,-44.478,-66.51359365142739,-44.47553246243899,-0.0070000002160668,0.0130000002682209,2.8759765625,0.7533416748046875,0.000847069132750314,0.005512355887178369,0.3566546138517225,0.0011626143099953
b09i,2021-05-29,48,-66.52,-44.478,-66.51145819209005,-44.47471023179128,-0.0070000002160668,0.0130000002682209,2.8759765625,0.7533416748046875,0.000847069132750314,0.005512355887178369,0.3566546138517225,0.0011626143099953
b09i,2021-05-30,6,-66.504,-44.621,-66.50311697113462,-44.636078339897935,-0.072000004351139,0.006000000052154,-4.6369171142578125,2.0773468017578125,-0.031070079940476062,0.004555080820257902,0.3566546138517225,0.0011626143099953
b09i,2021-05-30,12,-66.504,-44.621,-66.50223248981594,-44.65115561104834,-0.072000004351139,0.006000000052154,-4.6369171142578125,2.0773468017578125,-0.031070079940476062,0.004555080820257902,0.3566546138517225,0.0011626143099953
b09i,2021-05-30,18,-66.504,-44.621,-66.50134655620778,-44.66623181181604,-0.072000004351139,0.006000000052154,-4.6369171142578125,2.0773468017578125,-0.031070079940476062,0.004555080820257902,0.3566546138517225,0.0011626143099953
b09i,2021-05-30,24,-66.504,-44.621,-66.50045917047413,-44.68130694056662,-0.072000004351139,0.006000000052154,-4.6369171142578125,2.0773468017578125,-0.031070079940476062,0.004555080820257902,0.3566546138517225,0.0011626143099953
b09i,2021-05-30,30,-66.504,-44.621,-66.49957033277929,-44.69638099566647,-0.072000004351139,0.006000000052154,-4.6369171142578125,2.0773468017578125,-0.031070079940476062,0.004555080820257902,0.3566546138517225,0.0011626143099953
b09i,2021-05-30,36,-66.504,-44.621,-66.49868004328776,-44.71145397548274,-0.072000004351139,0.006000000052154,-4.6369171142578125,2.0773468017578125,-0.031070079940476062,0.004555080820257902,0.3566546138517225,0.0011626143099953
b09i,2021-05-30,48,-66.504,-44.621,-66.49689510957391,-44.741596702737056,-0.072000004351139,0.006000000052154,-4.6369171142578125,2.0773468017578125,-0.031070079940476062,0.004555080820257902,0.3566546138517225,0.0011626143099953
b16,2019-02-23,6,-62.435,-44.095,-62.43572904378198,-44.112805838364025,-0.0930000022053718,-0.0240000002086162,-8.091400146484375,4.121826171875,-0.04257605747296701,-0.003767616716110249,0.3566546138517225,0.0011626143099953
b16,2019-02-23,12,-62.435,-44.095,-62.436455814145425,-44.130612542223524,-0.0930000022053718,-0.0240000002086162,-8.091400146484375,4.121826171875,-0.04257605747296701,-0.003767616716110249,0.3566546138517225,0.0011626143099953
b16,2019-02-23,18,-62.435,-44.095,-62.43718031091047,-44.14842010894387,-0.0930000022053718,-0.0240000002086162,-8.091400146484375,4.121826171875,-0.04257605747296701,-0.003767616716110249,0.3566546138517225,0.0011626143099953
b16,2019-02-23,24,-62.435,-44.095,-62.43790253389785,-44.16622853588957,-0.0930000022053718,-0.0240000002086162,-8.091400146484375,4.121826171875,-0.04257605747296701,-0.003767616716110249,0.3566546138517225,0.0011626143099953
b16,2019-02-23,30,-62.435,-44.095,-62.43862248292879,-44.1840378204243,-0.0930000022053718,-0.0240000002086162,-8.091400146484375,4.121826171875,-0.04257605747296701,-0.003767616716110249,0.3566546138517225,0.0011626143099953
b16,2019-02-23,36,-62.435,-44.095,-62.43934015782513,-44.20184795991089,-0.0930000022053718,-0.0240000002086162,-8.091400146484375,4.121826171875,-0.04257605747296701,-0.003767616716110249,0.3566546138517225,0.0011626143099953
b16,2019-02-23,48,-62.435,-44.095,-62.440768684503844,-44.23747079318673,-0.0930000022053718,-0.0240000002086162,-8.091400146484375,4.121826171875,-0.04257605747296701,-0.003767616716110249,0.3566546138517225,0.0011626143099953
b16,2019-02-24,6,-62.435,-44.095,-62.43497974630606,-44.10687621295771,-0.0570000037550926,-0.0070000002160668,-6.940353393554688,2.2350311279296875,-0.028398268500590407,0.00010189679859271255,0.3566546138517225,0.0011626143099953
b16,2019-02-24,12,-62.435,-44.095,-62.434958481307206,-44.118752409453016,-0.0570000037550926,-0.0070000002160668,-6.940353393554688,2.2350311279296875,-0.028398268500590407,0.00010189679859271255,0.3566546138517225,0.0011626143099953
b16,2019-02-24,18,-62.435,-44.095,-62.43493620500574,-44.130628588683976,-0.0570000037550926,-0.0070000002160668,-6.940353393554688,2.2350311279296875,-0.028398268500590407,0.00010189679859271255,0.3566546138517225,0.0011626143099953
b16,2019-02-24,24,-62.435,-44.095,-62.434912917404155,-44.14250474984866,-0.0570000037550926,-0.0070000002160668,-6.940353393554688,2.2350311279296875,-0.028398268500590407,0.00010189679859271255,0.3566546138517225,0.0011626143099953
b16,2019-02-24,30,-62.435,-44.095,-62.434888618505,-44.15438089214516,-0.0570000037550926,-0.0070000002160668,-6.940353393554688,2.2350311279296875,-0.028398268500590407,0.00010189679859271255,0.3566546138517225,0.0011626143099953
b16,2019-02-24,36,-62.435,-44.095,-62.43486330831094,-44.16625701477155,-0.0570000037550926,-0.0070000002160668,-6.940353393554688,2.2350311279296875,-0.028398268500590407,0.00010189679859271255,0.3566546138517225,0.0011626143099953
b16,2019-02-24,48,-62.435,-44.095,-62.434809654049374,-44.190009197806425,-0.0570000037550926,-0.0070000002160668,-6.940353393554688,2.2350311279296875,-0.028398268500590407,0.00010189679859271255,0.3566546138517225,0.0011626143099953
b16,2019-02-25,6,-62.435,-44.095,-62.43318070485833,-44.104785330870854,-0.0480000004172325,0.0120000001043081,-5.402099609375,4.391525268554688,-0.02339997992356997,0.009385505523350268,0.3566546138517225,0.0011626143099953
b16,2019-02-25,12,-62.435,-44.095,-62.43136072273241,-44.11456947295765,-0.0480000004172325,0.0120000001043081,-5.402099609375,4.391525268554688,-0.02339997992356997,0.009385505523350268,0.3566546138517225,0.0011626143099953
b16,2019-02-25,18,-62.435,-44.095,-62.429540053758174,-44.124352426048375,-0.0480000004172325,0.0120000001043081,-5.402099609375,4.391525268554688,-0.02339997992356997,0.009385505523350268,0.3566546138517225,0.0011626143099953
b16,2019-02-25,24,-62.435,-44.095,-62.42771869807157,-44.134134189931345,-0.0480000004172325,0.0120000001043081,-5.402099609375,4.391525268554688,-0.02339997992356997,0.009385505523350268,0.3566546138517225,0.0011626143099953
b16,2019-02-25,30,-62.435,-44.095,-62.42589665580857,-44.143914764395134,-0.0480000004172325,0.0120000001043081,-5.402099609375,4.391525268554688,-0.02339997992356997,0.009385505523350268,0.3566546138517225,0.0011626143099953
b16,2019-02-25,36,-62.435,-44.095,-62.42407392710517,-44.153694149228635,-0.0480000004172325,0.0120000001043081,-5.402099609375,4.391525268554688,-0.02339997992356997,0.009385505523350268,0.3566546138517225,0.0011626143099953
b16,2019-02-25,48,-62.435,-44.095,-62.42042641092111,-44.17324934916177,-0.0480000004172325,0.0120000001043081,-5.402099609375,4.391525268554688,-0.02339997992356997,0.009385505523350268,0.3566546138517225,0.0011626143099953
b16,2019-02-26,6,-62.435,-44.095,-62.42872534749235,-44.098264270755216,-0.0390000008046627,0.0760000050067901,5.248870849609375,4.533111572265625,-0.007807117866130793,0.03237601282114701,0.3566546138517225,0.0011626143099953
b16,2019-02-26,12,-62.435,-44.095,-62.422450612911916,-44.101527174493356,-0.0390000008046627,0.0760000050067901,5.248870849609375,4.533111572265625,-0.007807117866130793,0.03237601282114701,0.3566546138517225,0.0011626143099953
b16,2019-02-26,18,-62.435,-44.095,-62.41617579630994,-44.10478871213444,-0.0390000008046627,0.0760000050067901,5.248870849609375,4.533111572265625,-0.007807117866130793,0.03237601282114701,0.3566546138517225,0.0011626143099953
b16,2019-02-26,24,-62.435,-44.095,-62.40990089773764,-44.1080488845977,-0.0390000008046627,0.0760000050067901,5.248870849609375,4.533111572265625,-0.007807117866130793,0.03237601282114701,0.3566546138517225,0.0011626143099953
b16,2019-02-26,30,-62.435,-44.095,-62.40362591724615,-44.11130769280156,-0.0390000008046627,0.0760000050067901,5.248870849609375,4.533111572265625,-0.007807117866130793,0.03237601282114701,0.3566546138517225,0.0011626143099953
b16,2019-02-26,36,-62.435,-44.095,-62.39735085488661,-44.11456513766363,-0.0390000008046627,0.0760000050067901,5.248870849609375,4.533111572265625,-0.007807117866130793,0.03237601282114701,0.3566546138517225,0.0011626143099953
b16,2019-02-26,48,-62.435,-44.095,-62.38480048476757,-44.12107594102891,-0.0390000008046627,0.0760000050067901,5.248870849609375,4.533111572265625,-0.007807117866130793,0.03237601282114701,0.3566546138517225,0.0011626143099953
b16,2019-02-27,6,-62.435,-44.095,-62.41972921104389,-44.09815459049941,-0.0430000014603138,0.1850000023841858,6.699630737304688,11.021286010742188,-0.007547062349576926,0.0787946092435394,0.3566546138517225,0.0011626143099953
b16,2019-02-27,12,-62.435,-44.095,-62.40445831705917,-44.101305968045736,-0.0430000014603138,0.1850000023841858,6.699630737304688,11.021286010742188,-0.007547062349576926,0.0787946092435394,0.3566546138517225,0.0011626143099953
b16,2019-02-27,18,-62.435,-44.095,-62.38918731815153,-44.104454137976525,-0.0430000014603138,0.1850000023841858,6.699630737304688,11.021286010742188,-0.007547062349576926,0.0787946092435394,0.3566546138517225,0.0011626143099953
b16,2019-02-27,24,-62.435,-44.095,-62.37391621442646,-44.1075991056176,-0.0430000014603138,0.1850000023841858,6.699630737304688,11.021286010742188,-0.007547062349576926,0.0787946092435394,0.3566546138517225,0.0011626143099953
b16,2019-02-27,30,-62.435,-44.095,-62.35864500598917,-44.11074087628315,-0.0430000014603138,0.1850000023841858,6.699630737304688,11.021286010742188,-0.007547062349576926,0.0787946092435394,0.3566546138517225,0.0011626143099953
b16,2019-02-27,36,-62.435,-44.095,-62.34337369294459,-44.113879455275715,-0.0430000014603138,0.1850000023841858,6.699630737304688,11.021286010742188,-0.007547062349576926,0.0787946092435394,0.3566546138517225,0.0011626143099953
b16,2019-02-27,48,-62.435,-44.095,-62.31283075345226,-44.120147059394036,-0.0430000014603138,0.1850000023841858,6.699630737304688,11.021286010742188,-0.007547062349576926,0.0787946092435394,0.3566546138517225,0.0011626143099953
b16,2019-02-28,6,-62.435,-44.095,-62.416320651233846,-44.12403019425729,-0.1850000023841858,0.2340000122785568,-2.9922332763671875,11.10394287109375,-0.06945991763884814,0.09636678689981087,0.3566546138517225,0.0011626143099953
b16,2019-02-28,12,-62.435,-44.095,-62.397635214131384,-44.15302422518661,-0.1850000023841858,0.2340000122785568,-2.9922332763671875,11.10394287109375,-0.06945991763884814,0.09636678689981087,0.3566546138517225,0.0011626143099953
b16,2019-02-28,18,-62.435,-44.095,-62.37894370092374,-44.18198215482479,-0.1850000023841858,0.2340000122785568,-2.9922332763671875,11.10394287109375,-0.06945991763884814,0.09636678689981087,0.3566546138517225,0.0011626143099953
b16,2019-02-28,24,-62.435,-44.095,-62.3602461238129,-44.21090404510481,-0.1850000023841858,0.2340000122785568,-2.9922332763671875,11.10394287109375,-0.06945991763884814,0.09636678689981087,0.3566546138517225,0.0011626143099953
b16,2019-02-28,30,-62.435,-44.095,-62.34154249497183,-44.23978995785591,-0.1850000023841858,0.2340000122785568,-2.9922332763671875,11.10394287109375,-0.06945991763884814,0.09636678689981087,0.3566546138517225,0.0011626143099953
b16,2019-02-28,36,-62.435,-44.095,-62.32283282654451,-44.26863995480364,-0.1850000023841858,0.2340000122785568,-2.9922332763671875,11.10394287109375,-0.06945991763884814,0.09636678689981087,0.3566546138517225,0.0011626143099953
b16,2019-02-28,48,-62.435,-44.095,-62.28539541936254,-44.326232447672936,-0.1850000023841858,0.2340000122785568,-2.9922332763671875,11.10394287109375,-0.06945991763884814,0.09636678689981087,0.3566546138517225,0.0011626143099953
b16,2019-03-01,6,-62.393,-44.157,-62.37451771002665,-44.17431904444527,-0.1020000055432319,0.2260000109672546,-4.402069091796875,12.691665649414062,-0.041496681109605985,0.09535945874369582,0.3566546138517225,0.0011626143099953
b16,2019-03-01,12,-62.393,-44.157,-62.35603321940207,-44.191616781932,-0.1020000055432319,0.2260000109672546,-4.402069091796875,12.691665649414062,-0.041496681109605985,0.09535945874369582,0.3566546138517225,0.0011626143099953
b16,2019-03-01,18,-62.393,-44.157,-62.33754653241662,-44.20889325287431,-0.1020000055432319,0.2260000109672546,-4.402069091796875,12.691665649414062,-0.041496681109605985,0.09535945874369582,0.3566546138517225,0.0011626143099953
b16,2019-03-01,24,-62.393,-44.157,-62.31905765334966,-44.22614849759203,-0.1020000055432319,0.2260000109672546,-4.402069091796875,12.691665649414062,-0.041496681109605985,0.09535945874369582,0.3566546138517225,0.0011626143099953
b16,2019-03-01,30,-62.393,-44.157,-62.300566586469614,-44.243382556310905,-0.1020000055432319,0.2260000109672546,-4.402069091796875,12.691665649414062,-0.041496681109605985,0.09535945874369582,0.3566546138517225,0.0011626143099953
b16,2019-03-01,36,-62.393,-44.157,-62.28207333603402,-44.260595469162865,-0.1020000055432319,0.2260000109672546,-4.402069091796875,12.691665649414062,-0.041496681109605985,0.09535945874369582,0.3566546138517225,0.0011626143099953
b16,2019-03-01,48,-62.393,-44.157,-62.24508030147183,-44.294958017326074,-0.1020000055432319,0.2260000109672546,-4.402069091796875,12.691665649414062,-0.041496681109605985,0.09535945874369582,0.3566546138517225,0.0011626143099953
d21b,2020-08-24,6,-66.551,-44.266,-66.55014589040842,-44.279187548435495,-0.0610000044107437,0.0090000005438923,-4.616119384765625,1.0294036865234375,-0.02712269947144238,0.004406691175361265,0.3566546138517225,0.0011626143099953
d21b,2020-08-24,12,-66.551,-44.266,-66.54929067148093,-44.29237419087312,-0.0610000044107437,0.0090000005438923,-4.616119384765625,1.0294036865234375,-0.02712269947144238,0.004406691175361265,0.3566546138517225,0.0011626143099953
d21b,2020-08-24,18,-66.551,-44.266,-66.54843434333874,-44.30555992623647,-0.0610000044107437,0.0090000005438923,-4.616119384765625,1.0294036865234375,-0.02712269947144238,0.004406691175361265,0.3566546138517225,0.0011626143099953
d21b,2020-08-24,24,-66.551,-44.266,-66.54757690610317,-44.31874475344968,-0.0610000044107437,0.0090000005438923,-4.616119384765625,1.0294036865234375,-0.02712269947144238,0.004406691175361265,0.3566546138517225,0.0011626143099953
d21b,2020-08-24,30,-66.551,-44.266,-66.54671835989569,-44.331928671437346,-0.0610000044107437,0.0090000005438923,-4.616119384765625,1.0294036865234375,-0.02712269947144238,0.004406691175361265,0.3566546138517225,0.0011626143099953
d21b,2020-08-24,36,-66.551,-44.266,-66.54585870483794,-44.34511167912461,-0.0610000044107437,0.0090000005438923,-4.616119384765625,1.0294036865234375,-0.02712269947144238,0.004406691175361265,0.3566546138517225,0.0011626143099953
d21b,2020-08-24,48,-66.551,-44.266,-66.54413606865864,-44.37147495930086,-0.0610000044107437,0.0090000005438923,-4.616119384765625,1.0294036865234375,-0.02712269947144238,0.004406691175361265,0.3566546138517225,0.0011626143099953
d21b,2020-08-25,6,-66.554,-44.35,-66.55186579112379,-44.35525405492322,-0.0240000002086162,0.0240000002086162,-1.931427001953125,2.1143951416015625,-0.010805215478027295,0.011017936855455787,0.3566546138517225,0.0011626143099953
d21b,2020-08-25,12,-66.554,-44.35,-66.54973140561863,-44.360507208419556,-0.0240000002086162,0.0240000002086162,-1.931427001953125,2.1143951416015625,-0.010805215478027295,0.011017936855455787,0.3566546138517225,0.0011626143099953
d21b,2020-08-25,18,-66.554,-44.35,-66.54759684353247,-44.365759460661195,-0.0240000002086162,0.0240000002086162,-1.931427001953125,2.1143951416015625,-0.010805215478027295,0.011017936855455787,0.3566546138517225,0.0011626143099953
d21b,2020-08-25,24,-66.554,-44.35,-66.54546210491327,-44.37101081182036,-0.0240000002086162,0.0240000002086162,-1.931427001953125,2.1143951416015625,-0.010805215478027295,0.011017936855455787,0.3566546138517225,0.0011626143099953
d21b,2020-08-25,30,-66.554,-44.35,-66.54332718980893,-44.37626126206926,-0.0240000002086162,0.0240000002086162,-1.931427001953125,2.1143951416015625,-0.010805215478027295,0.011017936855455787,0.3566546138517225,0.0011626143099953
d21b,2020-08-25,36,-66.554,-44.35,-66.54119209826742,-44.38151081158004,-0.0240000002086162,0.0240000002086162,-1.931427001953125,2.1143951416015625,-0.010805215478027295,0.011017936855455787,0.3566546138517225,0.0011626143099953
d21b,2020-08-25,48,-66.554,-44.35,-66.53692138606439,-44.39200720907604,-0.0240000002086162,0.0240000002086162,-1.931427001953125,2.1143951416015625,-0.010805215478027295,0.011017936855455787,0.3566546138517225,0.0011626143099953
d21b,2020-08-26,6,-66.572,-44.292,-66.5710880489461,-44.29038300688736,-0.003000000026077,0.0310000013560056,3.778396606445313,-5.460235595703125,0.003322854112635351,0.004708145473518885,0.3566546138517225,0.0011626143099953
d21b,2020-08-26,12,-66.572,-44.292,-66.57017608111988,-44.2887661324297,-0.003000000026077,0.0310000013560056,3.778396606445313,-5.460235595703125,0.003322854112635351,0.004708145473518885,0.3566546138517225,0.0011626143099953
d21b,2020-08-26,18,-66.572,-44.292,-66.56926409652331,-44.28714937661532,-0.003000000026077,0.0310000013560056,3.778396606445313,-5.460235595703125,0.003322854112635351,0.004708145473518885,0.3566546138517225,0.0011626143099953
d21b,2020-08-26,24,-66.572,-44.292,-66.5683520951583,-44.28553273943249,-0.003000000026077,0.0310000013560056,3.778396606445313,-5.460235595703125,0.003322854112635351,0.004708145473518885,0.3566546138517225,0.0011626143099953
d21b,2020-08-26,30,-66.572,-44.292,-66.56744007702683,-44.28391622086952,-0.003000000026077,0.0310000013560056,3.778396606445313,-5.460235595703125,0.003322854112635351,0.004708145473518885,0.3566546138517225,0.0011626143099953
d21b,2020-08-26,36,-66.572,-44.292,-66.56652804213081,-44.282299820914716,-0.003000000026077,0.0310000013560056,3.778396606445313,-5.460235595703125,0.003322854112635351,0.004708145473518885,0.3566546138517225,0.0011626143099953
d21b,2020-08-26,48,-66.572,-44.292,-66.5647039220529,-44.27906737678272,-0.003000000026077,0.0310000013560056,3.778396606445313,-5.460235595703125,0.003322854112635351,0.004708145473518885,0.3566546138517225,0.0011626143099953
d21b,2020-08-27,6,-66.562,-44.422,-66.56054784950817,-44.430751894941736,-0.0410000011324882,0.0220000017434358,-2.8982696533203125,-0.3015289306640625,-0.017992409345003076,0.007495840276874698,0.3566546138517225,0.0011626143099953
d21b,2020-08-27,12,-66.562,-44.422,-66.55909521039246,-44.43950276762598,-0.0410000011324882,0.0220000017434358,-2.8982696533203125,-0.3015289306640625,-0.017992409345003076,0.007495840276874698,0.3566546138517225,0.0011626143099953
d21b,2020-08-27,18,-66.562,-44.422,-66.55764208274351,-44.44825261789946,-0.0410000011324882,0.0220000017434358,-2.8982696533203125,-0.3015289306640625,-0.017992409345003076,0.007495840276874698,0.3566546138517225,0.0011626143099953
d21b,2020-08-27,24,-66.562,-44.422,-66.55618846665202,-44.45700144560914,-0.0410000011324882,0.0220000017434358,-2.8982696533203125,-0.3015289306640625,-0.017992409345003076,0.007495840276874698,0.3566546138517225,0.0011626143099953
d21b,2020-08-27,30,-66.562,-44.422,-66.55473436220862,-44.46574925060215,-0.0410000011324882,0.0220000017434358,-2.8982696533203125,-0.3015289306640625,-0.017992409345003076,0.007495840276874698,0.3566546138517225,0.0011626143099953
d21b,2020-08-27,36,-66.562,-44.422,-66.553279769504,-44.47449603272584,-0.0410000011324882,0.0220000017434358,-2.8982696533203125,-0.3015289306640625,-0.017992409345003076,0.007495840276874698,0.3566546138517225,0.0011626143099953
d21b,2020-08-27,48,-66.562,-44.422,-66.55036911967385,-44.49198652775579,-0.0410000011324882,0.0220000017434358,-2.8982696533203125,-0.3015289306640625,-0.017992409345003076,0.007495840276874698,0.3566546138517225,0.0011626143099953
d21b,2020-08-28,6,-66.605,-44.63,-66.60304901676008,-44.65903785380971,-0.1440000087022781,0.0070000002160668,-7.08453369140625,6.504364013671875,-0.05959484774762841,0.010058649053736666,0.3566546138517225,0.0011626143099953
d21b,2020-08-28,12,-66.605,-44.63,-66.60109266475447,-44.688071136055584,-0.1440000087022781,0.0070000002160668,-7.08453369140625,6.504364013671875,-0.05959484774762841,0.010058649053736666,0.3566546138517225,0.0011626143099953
d21b,2020-08-28,18,-66.605,-44.63,-66.59913094532774,-44.71709983532914,-0.1440000087022781,0.0070000002160668,-7.08453369140625,6.504364013671875,-0.05959484774762841,0.010058649053736666,0.3566546138517225,0.0011626143099953
d21b,2020-08-28,24,-66.605,-44.63,-66.59716385982772,-44.74612394023415,-0.1440000087022781,0.0070000002160668,-7.08453369140625,6.504364013671875,-0.05959484774762841,0.010058649053736666,0.3566546138517225,0.0011626143099953
d21b,2020-08-28,30,-66.605,-44.63,-66.59519140960543,-44.775143439386646,-0.1440000087022781,0.0070000002160668,-7.08453369140625,6.504364013671875,-0.05959484774762841,0.010058649053736666,0.3566546138517225,0.0011626143099953
d21b,2020-08-28,36,-66.605,-44.63,-66.59321359601518,-44.80415832141499,-0.1440000087022781,0.0070000002160668,-7.08453369140625,6.504364013671875,-0.05959484774762841,0.010058649053736666,0.3566546138517225,0.0011626143099953
d21b,2020-08-28,48,-66.605,-44.63,-66.58924188416393,-44.86217418867417,-0.1440000087022781,0.0070000002160668,-7.08453369140625,6.504364013671875,-0.05959484774762841,0.010058649053736666,0.3566546138517225,0.0011626143099953
d21b,2020-08-29,6,-66.525,-45.007,-66.52313936586243,-45.048767350610895,-0.2080000042915344,0.0100000007078051,-10.15948486328125,5.169952392578125,-0.08599572369598525,0.009577207024564946,0.3566546138517225,0.0011626143099953
d21b,2020-08-29,12,-66.525,-45.007,-66.52126759549748,-45.090528443963485,-0.2080000042915344,0.0100000007078051,-10.15948486328125,5.169952392578125,-0.08599572369598525,0.009577207024564946,0.3566546138517225,0.0011626143099953
d21b,2020-08-29,18,-66.525,-45.007,-66.51938469156474,-45.132283244232596,-0.2080000042915344,0.0100000007078051,-10.15948486328125,5.169952392578125,-0.08599572369598525,0.009577207024564946,0.3566546138517225,0.0011626143099953
d21b,2020-08-29,24,-66.525,-45.007,-66.51749065673873,-45.17403171562843,-0.2080000042915344,0.0100000007078051,-10.15948486328125,5.169952392578125,-0.08599572369598525,0.009577207024564946,0.3566546138517225,0.0011626143099953
d21b,2020-08-29,30,-66.525,-45.007,-66.51558549370893,-45.21577382239676,-0.2080000042915344,0.0100000007078051,-10.15948486328125,5.169952392578125,-0.08599572369598525,0.009577207024564946,0.3566546138517225,0.0011626143099953
d21b,2020-08-29,36,-66.525,-45.007,-66.51366920517974,-45.257509528819135,-0.2080000042915344,0.0100000007078051,-10.15948486328125,5.169952392578125,-0.08599572369598525,0.009577207024564946,0.3566546138517225,0.0011626143099953
d21b,2020-08-29,48,-66.525,-45.007,-66.50980326251533,-45.34096159793197,-0.2080000042915344,0.0100000007078051,-10.15948486328125,5.169952392578125,-0.08599572369598525,0.009577207024564946,0.3566546138517225,0.0011626143099953
d21b,2020-08-30,6,-66.387,-45.29,-66.37725596605661,-45.33316641881144,-0.2230000048875808,0.1020000055432319,-8.483016967773438,11.951766967773438,-0.08939645755077869,0.05027406789635745,0.3566546138517225,0.0011626143099953
d21b,2020-08-30,12,-66.387,-45.29,-66.36749997644158,-45.376299296400305,-0.2230000048875808,0.1020000055432319,-8.483016967773438,11.951766967773438,-0.08939645755077869,0.05027406789635745,0.3566546138517225,0.0011626143099953
d21b,2020-08-30,18,-66.387,-45.29,-66.35773204591736,-45.41939863335241,-0.2230000048875808,0.1020000055432319,-8.483016967773438,11.951766967773438,-0.08939645755077869,0.05027406789635745,0.3566546138517225,0.0011626143099953
d21b,2020-08-30,24,-66.387,-45.29,-66.34795218924002,-45.46246443038842,-0.2230000048875808,0.1020000055432319,-8.483016967773438,11.951766967773438,-0.08939645755077869,0.05027406789635745,0.3566546138517225,0.0011626143099953
d21b,2020-08-30,30,-66.387,-45.29,-66.33816042115927,-45.505496688363394,-0.2230000048875808,0.1020000055432319,-8.483016967773438,11.951766967773438,-0.08939645755077869,0.05027406789635745,0.3566546138517225,0.0011626143099953
d21b,2020-08-30,36,-66.387,-45.29,-66.32835675641839,-45.54849540826635,-0.2230000048875808,0.1020000055432319,-8.483016967773438,11.951766967773438,-0.08939645755077869,0.05027406789635745,0.3566546138517225,0.0011626143099953
d21b,2020-08-30,48,-66.387,-45.29,-66.30871379589647,-45.63439223847933,-0.2230000048875808,0.1020000055432319,-8.483016967773438,11.951766967773438,-0.08939645755077869,0.05027406789635745,0.3566546138517225,0.0011626143099953
d29a,2022-11-01,6,-66.904,-44.191,-66.90135877956408,-44.19899479717726,-0.0470000021159648,0.0280000008642673,0.4751129150390625,3.1387939453125,-0.01621039453181157,0.013635536253040068,0.3566546138517225,0.0011626143099953
d29a,2022-11-01,12,-66.904,-44.191,-66.89871715534555,-44.20698786800703,-0.0470000021159648,0.0280000008642673,0.4751129150390625,3.1387939453125,-0.01621039453181157,0.013635536253040068,0.3566546138517225,0.0011626143099953
d29a,2022-11-01,18,-66.904,-44.191,-66.89607512748235,-44.214979212819266,-0.0470000021159648,0.0280000008642673,0.4751129150390625,3.1387939453125,-0.01621039453181157,0.013635536253040068,0.3566546138517225,0.0011626143099953
d29a,2022-11-01,24,-66.904,-44.191,-66.89343269611236,-44.22296883194391,-0.0470000021159648,0.0280000008642673,0.4751129150390625,3.1387939453125,-0.01621039453181157,0.013635536253040068,0.3566546138517225,0.0011626143099953
d29a,2022-11-01,30,-66.904,-44.191,-66.89078986137342,-44.230956725711046,-0.0470000021159648,0.0280000008642673,0.4751129150390625,3.1387939453125,-0.01621039453181157,0.013635536253040068,0.3566546138517225,0.0011626143099953
d29a,2022-11-01,36,-66.904,-44.191,-66.88814662340334,-44.23894289445086,-0.0470000021159648,0.0280000008642673,0.4751129150390625,3.1387939453125,-0.01621039453181157,0.013635536253040068,0.3566546138517225,0.0011626143099953
d29a,2022-11-01,48,-66.904,-44.191,-66.88285893832074,-44.2549100581696,-0.0470000021159648,0.0280000008642673,0.4751129150390625,3.1387939453125,-0.01621039453181157,0.013635536253040068,0.3566546138517225,0.0011626143099953
d29a,2022-11-02,6,-66.912,-44.41,-66.90892332161427,-44.41621817933117,-0.0430000014603138,0.038000002503395,2.349838256835937,2.0052642822265625,-0.012604193332879848,0.015884225169051885,0.3566546138517225,0.0011626143099953
d29a,2022-11-02,12,-66.912,-44.41,-66.90584639836824,-44.422434794085184,-0.0430000014603138,0.038000002503395,2.349838256835937,2.0052642822265625,-0.012604193332879848,0.015884225169051885,0.3566546138517225,0.0011626143099953
d29a,2022-11-02,18,-66.912,-44.41,-66.90276923035903,-44.42864984476448,-0.0430000014603138,0.038000002503395,2.349838256835937,2.0052642822265625,-0.012604193332879848,0.015884225169051885,0.3566546138517225,0.0011626143099953
d29a,2022-11-02,24,-66.912,-44.41,-66.8996918176837,-44.43486333187134,-0.0430000014603138,0.038000002503395,2.349838256835937,2.0052642822265625,-0.012604193332879848,0.015884225169051885,0.3566546138517225,0.0011626143099953
d29a,2022-11-02,30,-66.912,-44.41,-66.89661416043933,-44.441075255907954,-0.0430000014603138,0.038000002503395,2.349838256835937,2.0052642822265625,-0.012604193332879848,0.015884225169051885,0.3566546138517225,0.0011626143099953
d29a,2022-11-02,36,-66.912,-44.41,-66.89353625872286,-44.447285617376316,-0.0430000014603138,0.038000002503395,2.349838256835937,2.0052642822265625,-0.012604193332879848,0.015884225169051885,0.3566546138517225,0.0011626143099953
d29a,2022-11-02,48,-66.912,-44.41,-66.88737972226136,-44.45970165461575,-0.0430000014603138,0.038000002503395,2.349838256835937,2.0052642822265625,-0.012604193332879848,0.015884225169051885,0.3566546138517225,0.0011626143099953
d29a,2022-11-03,6,-66.918,-44.612,-66.91282693773438,-44.60401023687952,0.0280000008642673,0.072000004351139,5.33819580078125,0.8844757080078125,0.01619259232363825,0.026707437864150925,0.3566546138517225,0.0011626143099953
d29a,2022-11-03,12,-66.918,-44.612,-66.90765346991603,-44.59602385423547,0.0280000008642673,0.072000004351139,5.33819580078125,0.8844757080078125,0.01619259232363825,0.026707437864150925,0.3566546138517225,0.0011626143099953
d29a,2022-11-03,18,-66.918,-44.612,-66.90247959681419,-44.5880408500553,0.0280000008642673,0.072000004351139,5.33819580078125,0.8844757080078125,0.01619259232363825,0.026707437864150925,0.3566546138517225,0.0011626143099953
d29a,2022-11-03,24,-66.918,-44.612,-66.89730531869792,-44.58006122232783,0.0280000008642673,0.072000004351139,5.33819580078125,0.8844757080078125,0.01619259232363825,0.026707437864150925,0.3566546138517225,0.0011626143099953
d29a,2022-11-03,30,-66.918,-44.612,-66.89213063583604,-44.57208496904313,0.0280000008642673,0.072000004351139,5.33819580078125,0.8844757080078125,0.01619259232363825,0.026707437864150925,0.3566546138517225,0.0011626143099953
d29a,2022-11-03,36,-66.918,-44.612,-66.88695554849714,-44.564112088192694,0.0280000008642673,0.072000004351139,5.33819580078125,0.8844757080078125,0.01619259232363825,0.026707437864150925,0.3566546138517225,0.0011626143099953
d29a,2022-11-03,48,-66.918,-44.612,-66.87660416146161,-44.548176435766926,0.0280000008642673,0.072000004351139,5.33819580078125,0.8844757080078125,0.01619259232363825,0.026707437864150925,0.3566546138517225,0.0011626143099953
d29a,2022-11-04,6,-66.804,-44.994,-66.80066512517666,-45.005080714909866,-0.0530000030994415,0.0610000044107437,-3.1456756591796875,-3.90521240234375,-0.022559903175537604,0.017215677195531194,0.3566546138517225,0.0011626143099953
d29a,2022-11-04,12,-66.804,-44.994,-66.79732947241627,-45.01615842337211,-0.0530000030994415,0.0610000044107437,-3.1456756591796875,-3.90521240234375,-0.022559903175537604,0.017215677195531194,0.3566546138517225,0.0011626143099953
d29a,2022-11-04,18,-66.804,-44.994,-66.79399304205305,-45.027233125985724,-0.0530000030994415,0.0610000044107437,-3.1456756591796875,-3.90521240234375,-0.022559903175537604,0.017215677195531194,0.3566546138517225,0.0011626143099953
d29a,2022-11-04,24,-66.804,-44.994,-66.79065583442112,-45.038304823350195,-0.0530000030994415,0.0610000044107437,-3.1456756591796875,-3.90521240234375,-0.022559903175537604,0.017215677195531194,0.3566546138517225,0.0011626143099953
d29a,2022-11-04,30,-66.804,-44.994,-66.7873178498545,-45.04937351606549,-0.0530000030994415,0.0610000044107437,-3.1456756591796875,-3.90521240234375,-0.022559903175537604,0.017215677195531194,0.3566546138517225,0.0011626143099953
d29a,2022-11-04,36,-66.804,-44.994,-66.78397908868709,-45.06043920473198,-0.0530000030994415,0.0610000044107437,-3.1456756591796875,-3.90521240234375,-0.022559903175537604,0.017215677195531194,0.3566546138517225,0.0011626143099953
d29a,2022-11-04,48,-66.804,-44.994,-66.77729923788489,-45.08256157232252,-0.0530000030994415,0.0610000044107437,-3.1456756591796875,-3.90521240234375,-0.022559903175537604,0.017215677195531194,0.3566546138517225,0.0011626143099953
d29a,2022-11-05,6,-66.777,-45.108,-66.76517115174313,-45.15953564841362,-0.2800000011920929,0.1280000060796737,-4.483642578125,13.22528076171875,-0.10507603932588007,0.06102769340864392,0.3566546138517225,0.0011626143099953
d29a,2022-11-05,12,-66.777,-45.108,-66.75332548034721,-45.21102177224422,-0.2800000011920929,0.1280000060796737,-4.483642578125,13.22528076171875,-0.10507603932588007,0.06102769340864392,0.3566546138517225,0.0011626143099953
d29a,2022-11-05,18,-66.777,-45.108,-66.74146301144738,-45.262458377135204,-0.2800000011920929,0.1280000060796737,-4.483642578125,13.22528076171875,-0.10507603932588007,0.06102769340864392,0.3566546138517225,0.0011626143099953
d29a,2022-11-05,24,-66.777,-45.108,-66.7295837706628,-45.3138454690051,-0.2800000011920929,0.1280000060796737,-4.483642578125,13.22528076171875,-0.10507603932588007,0.06102769340864392,0.3566546138517225,0.0011626143099953
d29a,2022-11-05,30,-66.777,-45.108,-66.71768778359652,-45.36518305404637,-0.2800000011920929,0.1280000060796737,-4.483642578125,13.22528076171875,-0.10507603932588007,0.06102769340864392,0.3566546138517225,0.0011626143099953
d29a,2022-11-05,36,-66.777,-45.108,-66.70577507583538,-45.416471138724226,-0.2800000011920929,0.1280000060796737,-4.483642578125,13.22528076171875,-0.10507603932588007,0.06102769340864392,0.3566546138517225,0.0011626143099953
d29a,2022-11-05,48,-66.777,-45.108,-66.68189960049361,-45.51889883420729,-0.2800000011920929,0.1280000060796737,-4.483642578125,13.22528076171875,-0.10507603932588007,0.06102769340864392,0.3566546138517225,0.0011626143099953
d29a,2022-11-06,6,-66.736,-45.218,-66.73015689923403,-45.219445645174574,-0.0220000017434358,0.0810000002384185,4.2100677490234375,1.0993499755859375,-0.002951717115477968,0.03016714382033177,0.3566546138517225,0.0011626143099953
d29a,2022-11-06,12,-66.736,-45.218,-66.72431378085463,-45.22089060558574,-0.0220000017434358,0.0810000002384185,4.2100677490234375,1.0993499755859375,-0.002951717115477968,0.03016714382033177,0.3566546138517225,0.0011626143099953
d29a,2022-11-06,18,-66.736,-45.218,-66.71847064487088,-45.22233488174837,-0.0220000017434358,0.0810000002384185,4.2100677490234375,1.0993499755859375,-0.002951717115477968,0.03016714382033177,0.3566546138517225,0.0011626143099953
d29a,2022-11-06,24,-66.736,-45.218,-66.7126274912919,-45.22377847417681,-0.0220000017434358,0.0810000002384185,4.2100677490234375,1.0993499755859375,-0.002951717115477968,0.03016714382033177,0.3566546138517225,0.0011626143099953
d29a,2022-11-06,30,-66.736,-45.218,-66.70678432012679,-45.22522138338492,-0.0220000017434358,0.0810000002384185,4.2100677490234375,1.0993499755859375,-0.002951717115477968,0.03016714382033177,0.3566546138517225,0.0011626143099953
d29a,2022-11-06,36,-66.736,-45.218,-66.7009411313846,-45.226663609886025,-0.0220000017434358,0.0810000002384185,4.2100677490234375,1.0993499755859375,-0.002951717115477968,0.03016714382033177,0.3566546138517225,0.0011626143099953
d29a,2022-11-06,48,-66.736,-45.218,-66.68925470120533,-45.229546016818,-0.0220000017434358,0.0810000002384185,4.2100677490234375,1.0993499755859375,-0.002951717115477968,0.03016714382033177,0.3566546138517225,0.0011626143099953
d29a,2022-11-07,6,-66.685,-45.323,-66.693851118413,-45.31696409085238,0.0440000034868717,-0.0990000069141388,-2.8819122314453125,-8.935653686523438,0.012342251852655861,-0.04569752808239443,0.3566546138517225,0.0011626143099953
d29a,2022-11-07,12,-66.685,-45.323,-66.70270199533466,-45.31092385587886,0.0440000034868717,-0.0990000069141388,-2.8819122314453125,-8.935653686523438,0.012342251852655861,-0.04569752808239443,0.3566546138517225,0.0011626143099953
d29a,2022-11-07,18,-66.685,-45.323,-66.71155263050439,-45.30487929025251,0.0440000034868717,-0.0990000069141388,-2.8819122314453125,-8.935653686523438,0.012342251852655861,-0.04569752808239443,0.3566546138517225,0.0011626143099953
d29a,2022-11-07,24,-66.685,-45.323,-66.7204030236612,-45.2988303891394,0.0440000034868717,-0.0990000069141388,-2.8819122314453125,-8.935653686523438,0.012342251852655861,-0.04569752808239443,0.3566546138517225,0.0011626143099953
d29a,2022-11-07,30,-66.685,-45.323,-66.72925317454371,-45.292777147698615,0.0440000034868717,-0.0990000069141388,-2.8819122314453125,-8.935653686523438,0.012342251852655861,-0.04569752808239443,0.3566546138517225,0.0011626143099953
d29a,2022-11-07,36,-66.685,-45.323,-66.73810308289012,-45.286719561082236,0.0440000034868717,-0.0990000069141388,-2.8819122314453125,-8.935653686523438,0.012342251852655861,-0.04569752808239443,0.3566546138517225,0.0011626143099953
d29a,2022-11-07,48,-66.685,-45.323,-66.7558021709256,-45.27459133289594,0.0440000034868717,-0.0990000069141388,-2.8819122314453125,-8.935653686523438,0.012342251852655861,-0.04569752808239443,0.3566546138517225,0.0011626143099953
d29c,2023-06-16,6,-65.564,-49.964,-65.55992124923947,-49.963245300005156,-0.0050000003539025,0.0540000014007091,2.921859741210937,1.5443572998046875,0.0016137227514514277,0.02105484154406101,0.3566546138517225,0.0011626143099953
d29c,2023-06-16,12,-65.564,-49.964,-65.55584249252263,-49.96249083613489,-0.0050000003539025,0.0540000014007091,2.921859741210937,1.5443572998046875,0.0016137227514514277,0.02105484154406101,0.3566546138517225,0.0011626143099953
d29c,2023-06-16,18,-65.564,-49.964,-65.55176372985115,-49.96173660827097,-0.0050000003539025,0.0540000014007091,2.921859741210937,1.5443572998046875,0.0016137227514514277,0.02105484154406101,0.3566546138517225,0.0011626143099953
d29c,2023-06-16,24,-65.564,-49.964,-65.54768496122657,-49.96098261629527,-0.0050000003539025,0.0540000014007091,2.921859741210937,1.5443572998046875,0.0016137227514514277,0.02105484154406101,0.3566546138517225,0.0011626143099953
d29c,2023-06-16,30,-65.564,-49.964,-65.54360618665049,-49.96022886008973,-0.0050000003539025,0.0540000014007091,2.921859741210937,1.5443572998046875,0.0016137227514514277,0.02105484154406101,0.3566546138517225,0.0011626143099953
d29c,2023-06-16,36,-65.564,-49.964,-65.53952740612453,-49.95947533953636,-0.0050000003539025,0.0540000014007091,2.921859741210937,1.5443572998046875,0.0016137227514514277,0.02105484154406101,0.3566546138517225,0.0011626143099953
d29c,2023-06-16,48,-65.564,-49.964,-65.53136982722928,-49.95796900491463,-0.0050000003539025,0.0540000014007091,2.921859741210937,1.5443572998046875,0.0016137227514514277,0.02105484154406101,0.3566546138517225,0.0011626143099953
d29c,2023-06-17,6,-65.532,-49.878,-65.53004671053404,-49.87723273667401,0.0,0.0230000019073486,1.4127349853515625,1.6169891357421875,0.0016424659102007271,0.010082991507175095,0.3566546138517225,0.0011626143099953
d29c,2023-06-17,12,-65.532,-49.878,-65.52809341668353,-49.87646558815923,0.0,0.0230000019073486,1.4127349853515625,1.6169891357421875,0.0016424659102007271,0.010082991507175095,0.3566546138517225,0.0011626143099953
d29c,2023-06-17,18,-65.532,-49.878,-65.52614011844938,-49.87569855442833,0.0,0.0230000019073486,1.4127349853515625,1.6169891357421875,0.0016424659102007271,0.010082991507175095,0.3566546138517225,0.0011626143099953
d29c,2023-06-17,24,-65.532,-49.878,-65.52418681583248,-49.874931635454004,0.0,0.0230000019073486,1.4127349853515625,1.6169891357421875,0.0016424659102007271,0.010082991507175095,0.3566546138517225,0.0011626143099953
d29c,2023-06-17,30,-65.532,-49.878,-65.52223350883371,-49.874164831208944,0.0,0.0230000019073486,1.4127349853515625,1.6169891357421875,0.0016424659102007271,0.010082991507175095,0.3566546138517225,0.0011626143099953
d29c,2023-06-17,36,-65.532,-49.878,-65.52028019745399,-49.87339814166586,0.0,0.0230000019073486,1.4127349853515625,1.6169891357421875,0.0016424659102007271,0.010082991507175095,0.3566546138517225,0.0011626143099953
d29c,2023-06-17,48,-65.532,-49.878,-65.51637356155524,-49.871865106576465,0.0,0.0230000019073486,1.4127349853515625,1.6169891357421875,0.0016424659102007271,0.010082991507175095,0.3566546138517225,0.0011626143099953
d29c,2023-06-18,6,-65.529,-49.831,-65.53273700091323,-49.830867937254794,0.0140000004321336,-0.0390000008046627,-4.0516357421875,-4.628448486328125,0.0002826750552909407,-0.019290630670485004,0.3566546138517225,0.0011626143099953
d29c,2023-06-18,12,-65.529,-49.831,-65.53647399985593,-49.830735836689286,0.0140000004321336,-0.0390000008046627,-4.0516357421875,-4.628448486328125,0.0002826750552909407,-0.019290630670485004,0.3566546138517225,0.0011626143099953
d29c,2023-06-18,18,-65.529,-49.831,-65.54021099682825,-49.8306036982861,0.0140000004321336,-0.0390000008046627,-4.0516357421875,-4.628448486328125,0.0002826750552909407,-0.019290630670485004,0.3566546138517225,0.0011626143099953
d29c,2023-06-18,24,-65.529,-49.831,-65.54394799183036,-49.83047152202786,0.0140000004321336,-0.0390000008046627,-4.0516357421875,-4.628448486328125,0.0002826750552909407,-0.019290630670485004,0.3566546138517225,0.0011626143099953
d29c,2023-06-18,30,-65.529,-49.831,-65.54768498486243,-49.83033930789716,0.0140000004321336,-0.0390000008046627,-4.0516357421875,-4.628448486328125,0.0002826750552909407,-0.019290630670485004,0.3566546138517225,0.0011626143099953
d29c,2023-06-18,36,-65.529,-49.831,-65.55142197592458,-49.83020705587662,0.0140000004321336,-0.0390000008046627,-4.0516357421875,-4.628448486328125,0.0002826750552909407,-0.019290630670485004,0.3566546138517225,0.0011626143099953
d29c,2023-06-18,48,-65.529,-49.831,-65.55889595213986,-49.82994243809632,0.0140000004321336,-0.0390000008046627,-4.0516357421875,-4.628448486328125,0.0002826750552909407,-0.019290630670485004,0.3566546138517225,0.0011626143099953
d29c,2023-06-19,6,-65.529,-49.831,-65.5243773910193,-49.81476258797832,0.0870000049471855,0.0620000027120113,3.2149200439453125,1.5010223388671875,0.03476666521811793,0.023857697076847744,0.3566546138517225,0.0011626143099953
d29c,2023-06-19,12,-65.529,-49.831,-65.51975304264602,-49.79853092505604,0.0870000049471855,0.0620000027120113,3.2149200439453125,1.5010223388671875,0.03476666521811793,0.023857697076847744,0.3566546138517225,0.0011626143099953
d29c,2023-06-19,18,-65.529,-49.831,-65.51512695586257,-49.782305010126244,0.0870000049471855,0.0620000027120113,3.2149200439453125,1.5010223388671875,0.03476666521811793,0.023857697076847744,0.3566546138517225,0.0011626143099953
d29c,2023-06-19,24,-65.529,-49.831,-65.51049913165102,-49.7660848420795,0.0870000049471855,0.0620000027120113,3.2149200439453125,1.5010223388671875,0.03476666521811793,0.023857697076847744,0.3566546138517225,0.0011626143099953
d29c,2023-06-19,30,-65.529,-49.831,-65.50586957099307,-49.74987041980401,0.0870000049471855,0.0620000027120113,3.2149200439453125,1.5010223388671875,0.03476666521811793,0.023857697076847744,0.3566546138517225,0.0011626143099953
d29c,2023-06-19,36,-65.529,-49.831,-65.50123827487005,-49.73366174218553,0.0870000049471855,0.0620000027120113,3.2149200439453125,1.5010223388671875,0.03476666521811793,0.023857697076847744,0.3566546138517225,0.0011626143099953
d29c,2023-06-19,48,-65.529,-49.831,-65.49197048015219,-49.70126161645047,0.0870000049471855,0.0620000027120113,3.2149200439453125,1.5010223388671875,0.03476666521811793,0.023857697076847744,0.3566546138517225,0.0011626143099953
d29c,2023-06-20,6,-65.502,-49.872,-65.49570821868882,-49.87861137956174,-0.0440000034868717,0.0650000050663948,1.3085479736328125,7.995025634765625,-0.014171467653623808,0.03247768291907282,0.3566546138517225,0.0011626143099953
d29c,2023-06-20,12,-65.502,-49.872,-65.48941614399891,-49.88521957796554,-0.0440000034868717,0.0650000050663948,1.3085479736328125,7.995025634765625,-0.014171467653623808,0.03247768291907282,0.3566546138517225,0.0011626143099953
d29c,2023-06-20,18,-65.502,-49.872,-65.48312377615082,-49.891824597520475,-0.0440000034868717,0.0650000050663948,1.3085479736328125,7.995025634765625,-0.014171467653623808,0.03247768291907282,0.3566546138517225,0.0011626143099953
d29c,2023-06-20,24,-65.502,-49.872,-65.47683111536494,-49.898426440533555,-0.0440000034868717,0.0650000050663948,1.3085479736328125,7.995025634765625,-0.014171467653623808,0.03247768291907282,0.3566546138517225,0.0011626143099953
d29c,2023-06-20,30,-65.502,-49.872,-65.47053816186138,-49.905025109309726,-0.0440000034868717,0.0650000050663948,1.3085479736328125,7.995025634765625,-0.014171467653623808,0.03247768291907282,0.3566546138517225,0.0011626143099953
d29c,2023-06-20,36,-65.502,-49.872,-65.46424491586006,-49.91162060615188,-0.0440000034868717,0.0650000050663948,1.3085479736328125,7.995025634765625,-0.014171467653623808,0.03247768291907282,0.3566546138517225,0.0011626143099953
d29c,2023-06-20,48,-65.502,-49.872,-65.45165754724283,-49.92480209323534,-0.0440000034868717,0.0650000050663948,1.3085479736328125,7.995025634765625,-0.014171467653623808,0.03247768291907282,0.3566546138517225,0.0011626143099953
d29c,2023-06-21,6,-65.434,-49.928,-65.4187920417645,-49.92627117210147,-0.0160000007599592,0.1890000104904174,8.1051025390625,9.543624877929688,0.003716634103222788,0.07850328061173951,0.3566546138517225,0.0011626143099953
d29c,2023-06-21,12,-65.434,-49.928,-65.4035840329581,-49.92454434701268,-0.0160000007599592,0.1890000104904174,8.1051025390625,9.543624877929688,0.003716634103222788,0.07850328061173951,0.3566546138517225,0.0011626143099953
d29c,2023-06-21,18,-65.434,-49.928,-65.38837597360308,-49.922819521015285,-0.0160000007599592,0.1890000104904174,8.1051025390625,9.543624877929688,0.003716634103222788,0.07850328061173951,0.3566546138517225,0.0011626143099953
d29c,2023-06-21,24,-65.434,-49.928,-65.3731678637217,-49.92109669040013,-0.0160000007599592,0.1890000104904174,8.1051025390625,9.543624877929688,0.003716634103222788,0.07850328061173951,0.3566546138517225,0.0011626143099953
d29c,2023-06-21,30,-65.434,-49.928,-65.3579597033361,-49.919375851467144,-0.0160000007599592,0.1890000104904174,8.1051025390625,9.543624877929688,0.003716634103222788,0.07850328061173951,0.3566546138517225,0.0011626143099953
d29c,2023-06-21,36,-65.434,-49.928,-65.34275149246837,-49.91765700052539,-0.0160000007599592,0.1890000104904174,8.1051025390625,9.543624877929688,0.003716634103222788,0.07850328061173951,0.3566546138517225,0.0011626143099953
d29c,2023-06-21,48,-65.434,-49.928,-65.31233491937434,-49.91422524789703,-0.0160000007599592,0.1890000104904174,8.1051025390625,9.543624877929688,0.003716634103222788,0.07850328061173951,0.3566546138517225,0.0011626143099953
d29c,2023-06-22,6,-65.253,-49.949,-65.2435199882643,-49.94812952093248,-0.0100000007078051,0.1200000047683715,4.68804931640625,5.277755737304688,0.0018838468302584104,0.048934549707718614,0.3566546138517225,0.0011626143099953
d29c,2023-06-22,12,-65.253,-49.949,-65.23403995945145,-49.9472596655572,-0.0100000007078051,0.1200000047683715,4.68804931640625,5.277755737304688,0.0018838468302584104,0.048934549707718614,0.3566546138517225,0.0011626143099953
d29c,2023-06-22,18,-65.253,-49.949,-65.22455991356381,-49.946390433156886,-0.0100000007078051,0.1200000047683715,4.68804931640625,5.277755737304688,0.0018838468302584104,0.048934549707718614,0.3566546138517225,0.0011626143099953
d29c,2023-06-22,24,-65.253,-49.949,-65.2150798506037,-49.94552182301539,-0.0100000007078051,0.1200000047683715,4.68804931640625,5.277755737304688,0.0018838468302584104,0.048934549707718614,0.3566546138517225,0.0011626143099953
d29c,2023-06-22,30,-65.253,-49.949,-65.20559977057349,-49.94465383441764,-0.0100000007078051,0.1200000047683715,4.68804931640625,5.277755737304688,0.0018838468302584104,0.048934549707718614,0.3566546138517225,0.0011626143099953
d29c,2023-06-22,36,-65.253,-49.949,-65.19611967347545,-49.943786466649655,-0.0100000007078051,0.1200000047683715,4.68804931640625,5.277755737304688,0.0018838468302584104,0.048934549707718614,0.3566546138517225,0.0011626143099953
d29c,2023-06-22,48,-65.253,-49.949,-65.17715942808526,-49.94205359075249,-0.0100000007078051,0.1200000047683715,4.68804931640625,5.277755737304688,0.0018838468302584104,0.048934549707718614,0.3566546138517225,0.0011626143099953
d31,2023-08-04,6,-62.33,-48.18,-62.32864460457726,-48.18289478636276,-0.0050000003539025,0.0260000005364418,-4.441085815429688,-1.9608001708984373,-0.006946543116415274,0.006993365813741475,0.3566546138517225,0.0011626143099953
d31,2023-08-04,12,-62.33,-48.18,-62.327289148653975,-48.185789311925284,-0.0050000003539025,0.0260000005364418,-4.441085815429688,-1.9608001708984373,-0.006946543116415274,0.006993365813741475,0.3566546138517225,0.0011626143099953
d31,2023-08-04,18,-62.33,-48.18,-62.32593363223896,-48.18868357671449,-0.0050000003539025,0.0260000005364418,-4.441085815429688,-1.9608001708984373,-0.006946543116415274,0.006993365813741475,0.3566546138517225,0.0011626143099953
d31,2023-08-04,24,-62.33,-48.18,-62.32457805534106,-48.19157758075724,-0.0050000003539025,0.0260000005364418,-4.441085815429688,-1.9608001708984373,-0.006946543116415274,0.006993365813741475,0.3566546138517225,0.0011626143099953
d31,2023-08-04,30,-62.33,-48.18,-62.32322241796912,-48.194471324080446,-0.0050000003539025,0.0260000005364418,-4.441085815429688,-1.9608001708984373,-0.006946543116415274,0.006993365813741475,0.3566546138517225,0.0011626143099953
d31,2023-08-04,36,-62.33,-48.18,-62.321866720131986,-48.19736480671098,-0.0050000003539025,0.0260000005364418,-4.441085815429688,-1.9608001708984373,-0.006946543116415274,0.006993365813741475,0.3566546138517225,0.0011626143099953
d31,2023-08-04,48,-62.33,-48.18,-62.31915514309746,-48.20315099000162,-0.0050000003539025,0.0260000005364418,-4.441085815429688,-1.9608001708984373,-0.006946543116415274,0.006993365813741475,0.3566546138517225,0.0011626143099953
d31,2023-08-05,6,-62.338,-47.979,-62.32802060099232,-47.980265346148165,-0.0200000014156103,0.1120000034570694,3.52362060546875,9.93109130859375,-0.0030364810430061227,0.051491346853613715,0.3566546138517225,0.0011626143099953
d31,2023-08-05,12,-62.338,-47.979,-62.318041176049356,-47.98152985323433,-0.0200000014156103,0.1120000034570694,3.52362060546875,9.93109130859375,-0.0030364810430061227,0.051491346853613715,0.3566546138517225,0.0011626143099953
d31,2023-08-05,18,-62.338,-47.979,-62.30806172518005,-47.98279352216834,-0.0200000014156103,0.1120000034570694,3.52362060546875,9.93109130859375,-0.0030364810430061227,0.051491346853613715,0.3566546138517225,0.0011626143099953
d31,2023-08-05,24,-62.338,-47.979,-62.29808224839336,-47.9840563538588,-0.0200000014156103,0.1120000034570694,3.52362060546875,9.93109130859375,-0.0030364810430061227,0.051491346853613715,0.3566546138517225,0.0011626143099953
d31,2023-08-05,30,-62.338,-47.979,-62.28810274569812,-47.98531834921295,-0.0200000014156103,0.1120000034570694,3.52362060546875,9.93109130859375,-0.0030364810430061227,0.051491346853613715,0.3566546138517225,0.0011626143099953
d31,2023-08-05,36,-62.338,-47.979,-62.27812321710327,-47.98657950913678,-0.0200000014156103,0.1120000034570694,3.52362060546875,9.93109130859375,-0.0030364810430061227,0.051491346853613715,0.3566546138517225,0.0011626143099953
d31,2023-08-05,48,-62.338,-47.979,-62.25816408225013,-47.98909932631087,-0.0200000014156103,0.1120000034570694,3.52362060546875,9.93109130859375,-0.0030364810430061227,0.051491346853613715,0.3566546138517225,0.0011626143099953
d31,2023-08-06,6,-62.358,-47.82,-62.354561478376084,-47.81819399598553,0.0020000000949949,0.0430000014603138,3.11090087890625,2.069320678710937,0.004330087140377177,0.01774197074949024,0.3566546138517225,0.0011626143099953
d31,2023-08-06,12,-62.358,-47.82,-62.351122931612835,-47.816388405167494,0.0020000000949949,0.0430000014603138,3.11090087890625,2.069320678710937,0.004330087140377177,0.01774197074949024,0.3566546138517225,0.0011626143099953
d31,2023-08-06,18,-62.358,-47.82,-62.34768435971882,-47.81458322739391,0.0020000000949949,0.0430000014603138,3.11090087890625,2.069320678710937,0.004330087140377177,0.01774197074949024,0.3566546138517225,0.0011626143099953
d31,2023-08-06,24,-62.358,-47.82,-62.34424576270264,-47.81277846251292,0.0020000000949949,0.0430000014603138,3.11090087890625,2.069320678710937,0.004330087140377177,0.01774197074949024,0.3566546138517225,0.0011626143099953
d31,2023-08-06,30,-62.358,-47.82,-62.3408071405729,-47.81097411037268,0.0020000000949949,0.0430000014603138,3.11090087890625,2.069320678710937,0.004330087140377177,0.01774197074949024,0.3566546138517225,0.0011626143099953
d31,2023-08-06,36,-62.358,-47.82,-62.33736849333817,-47.80917017082149,0.0020000000949949,0.0430000014603138,3.11090087890625,2.069320678710937,0.004330087140377177,0.01774197074949024,0.3566546138517225,0.0011626143099953
d31,2023-08-06,48,-62.358,-47.82,-62.330491123588054,-47.805563528879595,0.0020000000949949,0.0430000014603138,3.11090087890625,2.069320678710937,0.004330087140377177,0.01774197074949024,0.3566546138517225,0.0011626143099953
d31,2023-08-07,6,-62.385,-47.69,-62.38395462215672,-47.68632871841752,0.021000001579523,0.0270000007003545,1.121551513671875,-3.64349365234375,0.00879367929342215,0.005393696965189287,0.3566546138517225,0.0011626143099953
d31,2023-08-07,12,-62.385,-47.69,-62.38290914740057,-47.682657692548545,0.021000001579523,0.0270000007003545,1.121551513671875,-3.64349365234375,0.00879367929342215,0.005393696965189287,0.3566546138517225,0.0011626143099953
d31,2023-08-07,18,-62.385,-47.69,-62.38186357574255,-47.67898692238756,0.021000001579523,0.0270000007003545,1.121551513671875,-3.64349365234375,0.00879367929342215,0.005393696965189287,0.3566546138517225,0.0011626143099953
d31,2023-08-07,24,-62.385,-47.69,-62.38081790719363,-47.675316407929074,0.021000001579523,0.0270000007003545,1.121551513671875,-3.64349365234375,0.00879367929342215,0.005393696965189287,0.3566546138517225,0.0011626143099953
d31,2023-08-07,30,-62.385,-47.69,-62.379772141764796,-47.671646149167564,0.021000001579523,0.0270000007003545,1.121551513671875,-3.64349365234375,0.00879367929342215,0.005393696965189287,0.3566546138517225,0.0011626143099953
d31,2023-08-07,36,-62.385,-47.69,-62.378726279467024,-47.66797614609754,0.021000001579523,0.0270000007003545,1.121551513671875,-3.64349365234375,0.00879367929342215,0.005393696965189287,0.3566546138517225,0.0011626143099953
d31,2023-08-07,48,-62.385,-47.69,-62.376634264308635,-47.6606369070098,0.021000001579523,0.0270000007003545,1.121551513671875,-3.64349365234375,0.00879367929342215,0.005393696965189287,0.3566546138517225,0.0011626143099953
d31,2023-08-08,6,-62.415,-47.576,-62.40724282280826,-47.57184998386784,0.0050000003539025,0.101000003516674,7.009536743164063,3.4433135986328125,0.009932660919519961,0.0400253629168339,0.3566546138517225,0.0011626143099953
d31,2023-08-08,12,-62.415,-47.576,-62.39948551340419,-47.567702114248014,0.0050000003539025,0.101000003516674,7.009536743164063,3.4433135986328125,0.009932660919519961,0.0400253629168339,0.3566546138517225,0.0011626143099953
d31,2023-08-08,18,-62.415,-47.576,-62.39172807189027,-47.563556389357984,0.0050000003539025,0.101000003516674,7.009536743164063,3.4433135986328125,0.009932660919519961,0.0400253629168339,0.3566546138517225,0.0011626143099953
d31,2023-08-08,24,-62.415,-47.576,-62.38397049836883,-47.55941280741713,0.0050000003539025,0.101000003516674,7.009536743164063,3.4433135986328125,0.009932660919519961,0.0400253629168339,0.3566546138517225,0.0011626143099953
d31,2023-08-08,30,-62.415,-47.576,-62.37621279294213,-47.55527136664676,0.0050000003539025,0.101000003516674,7.009536743164063,3.4433135986328125,0.009932660919519961,0.0400253629168339,0.3566546138517225,0.0011626143099953
d31,2023-08-08,36,-62.415,-47.576,-62.36845495571225,-47.55113206527007,0.0050000003539025,0.101000003516674,7.009536743164063,3.4433135986328125,0.009932660919519961,0.0400253629168339,0.3566546138517225,0.0011626143099953
d31,2023-08-08,48,-62.415,-47.576,-62.35293888625095,-47.54285987360017,0.0050000003539025,0.101000003516674,7.009536743164063,3.4433135986328125,0.009932660919519961,0.0400253629168339,0.3566546138517225,0.0011626143099953
d31,2023-08-09,6,-62.442,-47.465,-62.43995716959115,-47.464259632184834,0.0150000005960464,0.0340000018477439,-3.0790557861328125,-1.363800048828125,0.0017700651021266998,0.010540684077225084,0.3566546138517225,0.0011626143099953
d31,2023-08-09,12,-62.442,-47.465,-62.4379143346499,-47.463519365375134,0.0150000005960464,0.0340000018477439,-3.0790557861328125,-1.363800048828125,0.0017700651021266998,0.010540684077225084,0.3566546138517225,0.0011626143099953
d31,2023-08-09,18,-62.442,-47.465,-62.43587149517707,-47.46277919954855,0.0150000005960464,0.0340000018477439,-3.0790557861328125,-1.363800048828125,0.0017700651021266998,0.010540684077225084,0.3566546138517225,0.0011626143099953
d31,2023-08-09,24,-62.442,-47.465,-62.43382865117352,-47.46203913468274,0.0150000005960464,0.0340000018477439,-3.0790557861328125,-1.363800048828125,0.0017700651021266998,0.010540684077225084,0.3566546138517225,0.0011626143099953
d31,2023-08-09,30,-62.442,-47.465,-62.43178580264008,-47.46129917075535,0.0150000005960464,0.0340000018477439,-3.0790557861328125,-1.363800048828125,0.0017700651021266998,0.010540684077225084,0.3566546138517225,0.0011626143099953
d31,2023-08-09,36,-62.442,-47.465,-62.42974294957759,-47.46055930774407,0.0150000005960464,0.0340000018477439,-3.0790557861328125,-1.363800048828125,0.0017700651021266998,0.010540684077225084,0.3566546138517225,0.0011626143099953
d31,2023-08-09,48,-62.442,-47.465,-62.42565722986885,-47.45907988438049,0.0150000005960464,0.0340000018477439,-3.0790557861328125,-1.363800048828125,0.0017700651021266998,0.010540684077225084,0.3566546138517225,0.0011626143099953
d31,2023-08-10,6,-62.462,-47.344,-62.47232093661515,-47.31332826904875,0.1900000125169754,-0.106000006198883,4.7187347412109375,-13.3033447265625,0.0732504496312681,-0.05327205022904488,0.3566546138517225,0.0011626143099953
d31,2023-08-10,12,-62.462,-47.344,-62.482635114028895,-47.28263536624487,0.1900000125169754,-0.106000006198883,4.7187347412109375,-13.3033447265625,0.0732504496312681,-0.05327205022904488,0.3566546138517225,0.0011626143099953
d31,2023-08-10,18,-62.462,-47.344,-62.49294252465897,-47.25192128153925,0.1900000125169754,-0.106000006198883,4.7187347412109375,-13.3033447265625,0.0732504496312681,-0.05327205022904488,0.3566546138517225,0.0011626143099953
d31,2023-08-10,24,-62.462,-47.344,-62.50324316091672,-47.22118600490973,0.1900000125169754,-0.106000006198883,4.7187347412109375,-13.3033447265625,0.0732504496312681,-0.05327205022904488,0.3566546138517225,0.0011626143099953
d31,2023-08-10,30,-62.462,-47.344,-62.51353701520709,-47.19042952636113,0.1900000125169754,-0.106000006198883,4.7187347412109375,-13.3033447265625,0.0732504496312681,-0.05327205022904488,0.3566546138517225,0.0011626143099953
d31,2023-08-10,36,-62.462,-47.344,-62.52382407992869,-47.1596518359254,0.1900000125169754,-0.106000006198883,4.7187347412109375,-13.3033447265625,0.0732504496312681,-0.05327205022904488,0.3566546138517225,0.0011626143099953
d31,2023-08-10,48,-62.462,-47.344,-62.54437781022807,-47.09803277965693,0.1900000125169754,-0.106000006198883,4.7187347412109375,-13.3033447265625,0.0732504496312681,-0.05327205022904488,0.3566546138517225,0.0011626143099953
